train_no,station_code,scheduled_arrival_ts,scheduled_departure_ts
T0001,HWH,2026-01-14 03:45:00,2026-01-14 03:47:00
T0002,HWH,2026-01-14 00:05:00,2026-01-14 00:07:00
T0003,HWH,2026-01-14 00:05:00,2026-01-14 00:07:00
T0004,HWH,2026-01-14 00:50:00,2026-01-14 00:52:00
T0005,HWH,2026-01-14 00:05:00,2026-01-14 00:07:00
T0006,HWH,2026-01-14 00:55:00,2026-01-14 00:57:00
T0007,HWH,2026-01-14 00:05:00,2026-01-14 00:07:00
T0008,HWH,2026-01-14 01:10:00,2026-01-14 01:12:00
T0009,HWH,2026-01-14 00:05:00,2026-01-14 00:07:00
T0010,HWH,2026-01-14 00:35:00,2026-01-14 00:37:00
T0011,HWH,2026-01-14 00:05:00,2026-01-14 00:07:00
T0012,HWH,2026-01-14 00:45:00,2026-01-14 00:47:00
T0013,HWH,2026-01-14 01:20:00,2026-01-14 01:22:00
T0014,HWH,2026-01-14 00:05:00,2026-01-14 00:07:00
T0015,HWH,2026-01-14 02:30:00,2026-01-14 02:32:00
T0016,HWH,2026-01-14 00:05:00,2026-01-14 00:07:00
T0017,HWH,2026-01-14 02:00:00,2026-01-14 02:02:00
T0018,HWH,2026-01-14 00:05:00,2026-01-14 00:07:00
T0019,HWH,2026-01-14 00:05:00,2026-01-14 00:07:00
T0020,HWH,2026-01-14 02:35:00,2026-01-14 02:37:00
T0021,HWH,2026-01-14 00:05:00,2026-01-14 00:07:00
T0022,HWH,2026-01-14 02:50:00,2026-01-14 02:52:00
T0023,HWH,2026-01-14 00:40:00,2026-01-14 00:42:00
T0024,HWH,2026-01-14 00:05:00,2026-01-14 00:07:00
T0025,HWH,2026-01-14 00:05:00,2026-01-14 00:07:00
T0026,HWH,2026-01-14 00:30:00,2026-01-14 00:32:00
T0027,HWH,2026-01-14 00:05:00,2026-01-14 00:07:00
T0028,HWH,2026-01-14 00:35:00,2026-01-14 00:37:00
T0029,HWH,2026-01-14 01:45:00,2026-01-14 01:47:00
T0030,HWH,2026-01-14 00:45:00,2026-01-14 00:47:00
T0031,HWH,2026-01-14 00:35:00,2026-01-14 00:37:00
T0032,HWH,2026-01-14 00:05:00,2026-01-14 00:07:00
T0033,HWH,2026-01-14 00:05:00,2026-01-14 00:07:00
T0034,HWH,2026-01-14 00:30:00,2026-01-14 00:32:00
T0035,HWH,2026-01-14 00:05:00,2026-01-14 00:07:00
T0036,HWH,2026-01-14 00:40:00,2026-01-14 00:42:00
T0037,HWH,2026-01-14 00:05:00,2026-01-14 00:07:00
T0038,HWH,2026-01-14 00:40:00,2026-01-14 00:42:00
T0039,HWH,2026-01-14 00:05:00,2026-01-14 00:07:00
T0040,HWH,2026-01-14 02:05:00,2026-01-14 02:07:00
T0041,HWH,2026-01-14 00:05:00,2026-01-14 00:07:00
T0042,HWH,2026-01-14 00:45:00,2026-01-14 00:47:00
T0043,HWH,2026-01-14 00:05:00,2026-01-14 00:07:00
T0044,HWH,2026-01-14 02:20:00,2026-01-14 02:22:00
T0045,HWH,2026-01-14 00:05:00,2026-01-14 00:07:00
T0046,HWH,2026-01-14 03:20:00,2026-01-14 03:22:00
T0047,HWH,2026-01-14 00:05:00,2026-01-14 00:07:00
T0048,HWH,2026-01-14 04:05:00,2026-01-14 04:07:00
T0049,HWH,2026-01-14 00:05:00,2026-01-14 00:07:00
T0050,HWH,2026-01-14 00:45:00,2026-01-14 00:47:00
T0051,HWH,2026-01-14 00:05:00,2026-01-14 00:07:00
T0052,HWH,2026-01-14 01:40:00,2026-01-14 01:42:00
T0053,HWH,2026-01-14 00:05:00,2026-01-14 00:07:00
T0054,HWH,2026-01-14 02:40:00,2026-01-14 02:42:00
T0055,HWH,2026-01-14 00:05:00,2026-01-14 00:07:00
T0056,HWH,2026-01-14 02:35:00,2026-01-14 02:37:00
T0057,HWH,2026-01-14 00:05:00,2026-01-14 00:07:00
T0058,HWH,2026-01-14 00:20:00,2026-01-14 00:22:00
T0059,HWH,2026-01-14 00:05:00,2026-01-14 00:07:00
T0060,HWH,2026-01-14 01:05:00,2026-01-14 01:07:00
T0061,HWH,2026-01-14 00:05:00,2026-01-14 00:07:00
T0062,HWH,2026-01-14 00:35:00,2026-01-14 00:37:00
T0063,HWH,2026-01-14 00:05:00,2026-01-14 00:07:00
T0064,HWH,2026-01-14 01:05:00,2026-01-14 01:07:00
T0065,HWH,2026-01-14 00:05:00,2026-01-14 00:07:00
T0066,HWH,2026-01-14 00:45:00,2026-01-14 00:47:00
T0067,HWH,2026-01-14 00:05:00,2026-01-14 00:07:00
T0068,HWH,2026-01-14 01:55:00,2026-01-14 01:57:00
T0069,HWH,2026-01-14 00:05:00,2026-01-14 00:07:00
T0070,HWH,2026-01-14 01:30:00,2026-01-14 01:32:00
T0071,HWH,2026-01-14 00:05:00,2026-01-14 00:07:00
T0072,HWH,2026-01-14 01:40:00,2026-01-14 01:42:00
T0073,HWH,2026-01-14 00:05:00,2026-01-14 00:07:00
T0074,HWH,2026-01-14 02:25:00,2026-01-14 02:27:00
T0075,HWH,2026-01-14 00:05:00,2026-01-14 00:07:00
T0076,HWH,2026-01-14 01:50:00,2026-01-14 01:52:00
T0077,BDC,2026-01-14 00:20:00,2026-01-14 00:22:00
T0078,BDC,2026-01-14 00:30:00,2026-01-14 00:32:00
T0079,HWH,2026-01-14 01:25:00,2026-01-14 01:27:00
T0080,HWH,2026-01-14 00:35:00,2026-01-14 00:37:00
T0081,HWH,2026-01-14 03:05:00,2026-01-14 03:07:00
T0082,HWH,2026-01-14 01:50:00,2026-01-14 01:52:00
T0083,HWH,2026-01-14 02:05:00,2026-01-14 02:07:00
T0084,HWH,2026-01-14 01:30:00,2026-01-14 01:32:00
T0085,HWH,2026-01-14 01:30:00,2026-01-14 01:32:00
T0086,HWH,2026-01-14 01:10:00,2026-01-14 01:12:00
T0087,HWH,2026-01-14 03:00:00,2026-01-14 03:02:00
T0088,HWH,2026-01-14 01:50:00,2026-01-14 01:52:00
T0089,BDC,2026-01-14 00:10:00,2026-01-14 00:12:00
T0090,BDC,2026-01-14 01:05:00,2026-01-14 01:07:00
T0091,BDC,2026-01-14 00:10:00,2026-01-14 00:12:00
T0092,BDC,2026-01-14 01:50:00,2026-01-14 01:52:00
T0093,HWH,2026-01-14 00:05:00,2026-01-14 00:07:00
T0094,HWH,2026-01-14 02:00:00,2026-01-14 02:02:00
T0095,HWH,2026-01-14 00:05:00,2026-01-14 00:07:00
T0096,HWH,2026-01-14 02:40:00,2026-01-14 02:42:00
T0097,HWH,2026-01-14 00:05:00,2026-01-14 00:07:00
T0098,HWH,2026-01-14 02:15:00,2026-01-14 02:17:00
T0099,HWH,2026-01-14 03:40:00,2026-01-14 03:42:00
T0100,HWH,2026-01-14 00:05:00,2026-01-14 00:07:00
T0101,HWH,2026-01-14 00:05:00,2026-01-14 00:07:00
T0102,HWH,2026-01-14 00:45:00,2026-01-14 00:47:00
T0103,HWH,2026-01-14 00:05:00,2026-01-14 00:07:00
T0104,HWH,2026-01-14 01:20:00,2026-01-14 01:22:00
T0105,HWH,2026-01-14 00:05:00,2026-01-14 00:07:00
T0106,HWH,2026-01-14 01:15:00,2026-01-14 01:17:00
T0107,HWH,2026-01-14 05:15:00,2026-01-14 05:17:00
T0108,HWH,2026-01-14 00:05:00,2026-01-14 00:07:00
T0109,HWH,2026-01-14 00:05:00,2026-01-14 00:07:00
T0110,HWH,2026-01-14 01:10:00,2026-01-14 01:12:00
T0111,HWH,2026-01-14 00:05:00,2026-01-14 00:07:00
T0112,HWH,2026-01-14 03:00:00,2026-01-14 03:02:00
T0113,HWH,2026-01-14 00:05:00,2026-01-14 00:07:00
T0114,HWH,2026-01-14 01:25:00,2026-01-14 01:27:00
T0115,HWH,2026-01-14 00:05:00,2026-01-14 00:07:00
T0116,HWH,2026-01-14 00:25:00,2026-01-14 00:27:00
T0117,HWH,2026-01-14 00:05:00,2026-01-14 00:07:00
T0118,HWH,2026-01-14 00:40:00,2026-01-14 00:42:00
T0119,HWH,2026-01-14 02:15:00,2026-01-14 02:17:00
T0120,HWH,2026-01-14 00:05:00,2026-01-14 00:07:00
T0121,HWH,2026-01-14 00:05:00,2026-01-14 00:07:00
T0122,HWH,2026-01-14 03:00:00,2026-01-14 03:02:00
T0123,HWH,2026-01-14 00:05:00,2026-01-14 00:07:00
T0124,HWH,2026-01-14 00:45:00,2026-01-14 00:47:00
T0125,HWH,2026-01-14 00:05:00,2026-01-14 00:07:00
T0126,HWH,2026-01-14 01:20:00,2026-01-14 01:22:00
T0127,HWH,2026-01-14 01:40:00,2026-01-14 01:42:00
T0128,HWH,2026-01-14 00:05:00,2026-01-14 00:07:00
T0129,HWH,2026-01-14 00:05:00,2026-01-14 00:07:00
T0130,HWH,2026-01-14 02:35:00,2026-01-14 02:37:00
T0131,HWH,2026-01-14 00:05:00,2026-01-14 00:07:00
T0132,HWH,2026-01-14 00:45:00,2026-01-14 00:47:00
T0133,HWH,2026-01-14 01:05:00,2026-01-14 01:07:00
T0134,HWH,2026-01-14 00:05:00,2026-01-14 00:07:00
T0135,HWH,2026-01-14 00:55:00,2026-01-14 00:57:00
T0136,HWH,2026-01-14 00:05:00,2026-01-14 00:07:00
T0137,HWH,2026-01-14 00:55:00,2026-01-14 00:57:00
T0138,HWH,2026-01-14 02:30:00,2026-01-14 02:32:00
T0139,HWH,2026-01-14 00:05:00,2026-01-14 00:07:00
T0140,HWH,2026-01-14 01:25:00,2026-01-14 01:27:00
T0141,HWH,2026-01-14 00:05:00,2026-01-14 00:07:00
T0142,HWH,2026-01-14 00:05:00,2026-01-14 00:07:00
T0143,HWH,2026-01-14 04:40:00,2026-01-14 04:42:00
T0144,HWH,2026-01-14 00:05:00,2026-01-14 00:07:00
T0144,BDC,2026-01-14 00:10:00,2026-01-14 00:12:00
T0145,BDC,2026-01-14 08:55:00,2026-01-14 08:57:00
T0145,HWH,2026-01-14 09:00:00,2026-01-14 09:02:00
T0146,HWH,2026-01-14 00:05:00,2026-01-14 00:07:00
T0146,SRP,2026-01-14 00:10:00,2026-01-14 00:12:00
T0146,CGR,2026-01-14 00:15:00,2026-01-14 00:17:00
T0146,BDC,2026-01-14 00:20:00,2026-01-14 00:22:00
T0147,BDC,2026-01-14 06:15:00,2026-01-14 06:17:00
T0147,CGR,2026-01-14 06:20:00,2026-01-14 06:22:00
T0147,SRP,2026-01-14 06:25:00,2026-01-14 06:27:00
T0147,HWH,2026-01-14 06:30:00,2026-01-14 06:32:00
T0148,HWH,2026-01-14 00:05:00,2026-01-14 00:07:00
T0148,BDC,2026-01-14 00:10:00,2026-01-14 00:12:00
T0149,BDC,2026-01-14 01:25:00,2026-01-14 01:27:00
T0149,HWH,2026-01-14 01:30:00,2026-01-14 01:32:00
T0150,HWH,2026-01-14 00:05:00,2026-01-14 00:07:00
T0150,BDC,2026-01-14 00:10:00,2026-01-14 00:12:00
T0151,BDC,2026-01-14 00:20:00,2026-01-14 00:22:00
T0151,HWH,2026-01-14 00:25:00,2026-01-14 00:27:00
T0152,HWH,2026-01-14 00:05:00,2026-01-14 00:07:00
T0152,BDC,2026-01-14 00:15:00,2026-01-14 00:17:00
T0153,BDC,2026-01-14 01:05:00,2026-01-14 01:07:00
T0153,HWH,2026-01-14 01:15:00,2026-01-14 01:17:00
T0154,HWH,2026-01-14 00:05:00,2026-01-14 00:07:00
T0154,SRP,2026-01-14 00:10:00,2026-01-14 00:12:00
T0154,BDC,2026-01-14 00:15:00,2026-01-14 00:17:00
T0155,BDC,2026-01-14 05:15:00,2026-01-14 05:17:00
T0155,HWH,2026-01-14 05:20:00,2026-01-14 05:22:00
T0156,HWH,2026-01-14 00:05:00,2026-01-14 00:07:00
T0156,SRP,2026-01-14 00:10:00,2026-01-14 00:12:00
T0156,CGR,2026-01-14 00:20:00,2026-01-14 00:22:00
T0156,BDC,2026-01-14 00:25:00,2026-01-14 00:27:00
T0157,BDC,2026-01-14 03:10:00,2026-01-14 03:12:00
T0157,CGR,2026-01-14 03:15:00,2026-01-14 03:17:00
T0157,SRP,2026-01-14 03:25:00,2026-01-14 03:27:00
T0157,HWH,2026-01-14 03:30:00,2026-01-14 03:32:00
T0158,HWH,2026-01-14 00:05:00,2026-01-14 00:07:00
T0158,BDC,2026-01-14 00:10:00,2026-01-14 00:12:00
T0159,BDC,2026-01-14 02:40:00,2026-01-14 02:42:00
T0159,HWH,2026-01-14 02:45:00,2026-01-14 02:47:00
T0160,HWH,2026-01-14 00:05:00,2026-01-14 00:07:00
T0160,BDC,2026-01-14 00:10:00,2026-01-14 00:12:00
T0161,BDC,2026-01-14 00:50:00,2026-01-14 00:52:00
T0161,HWH,2026-01-14 00:55:00,2026-01-14 00:57:00
T0162,HWH,2026-01-14 00:05:00,2026-01-14 00:07:00
T0162,CNS,2026-01-14 00:15:00,2026-01-14 00:17:00
T0162,BDC,2026-01-14 00:20:00,2026-01-14 00:22:00
T0163,BDC,2026-01-14 03:30:00,2026-01-14 03:32:00
T0163,CNS,2026-01-14 03:35:00,2026-01-14 03:37:00
T0163,HWH,2026-01-14 03:45:00,2026-01-14 03:47:00
T0164,HWH,2026-01-14 00:05:00,2026-01-14 00:07:00
T0164,BDC,2026-01-14 00:10:00,2026-01-14 00:12:00
T0165,BDC,2026-01-14 01:30:00,2026-01-14 01:32:00
T0165,HWH,2026-01-14 01:35:00,2026-01-14 01:37:00
T0166,HWH,2026-01-14 00:05:00,2026-01-14 00:07:00
T0166,SRP,2026-01-14 00:10:00,2026-01-14 00:12:00
T0166,CGR,2026-01-14 00:20:00,2026-01-14 00:22:00
T0166,CNS,2026-01-14 00:25:00,2026-01-14 00:27:00
T0166,BDC,2026-01-14 00:30:00,2026-01-14 00:32:00
T0167,BDC,2026-01-14 08:25:00,2026-01-14 08:27:00
T0167,CNS,2026-01-14 08:30:00,2026-01-14 08:32:00
T0167,CGR,2026-01-14 08:35:00,2026-01-14 08:37:00
T0167,SRP,2026-01-14 08:45:00,2026-01-14 08:47:00
T0167,HWH,2026-01-14 08:50:00,2026-01-14 08:52:00
T0168,HWH,2026-01-14 00:05:00,2026-01-14 00:07:00
T0169,HWH,2026-01-14 00:30:00,2026-01-14 00:32:00
T0170,HWH,2026-01-14 00:05:00,2026-01-14 00:07:00
T0170,BDC,2026-01-14 00:10:00,2026-01-14 00:12:00
T0171,BDC,2026-01-14 00:55:00,2026-01-14 00:57:00
T0171,HWH,2026-01-14 01:00:00,2026-01-14 01:02:00
T0172,HWH,2026-01-14 00:05:00,2026-01-14 00:07:00
T0173,HWH,2026-01-14 01:45:00,2026-01-14 01:47:00
T0174,BDC,2026-01-14 00:15:00,2026-01-14 00:17:00
T0175,BDC,2026-01-14 02:20:00,2026-01-14 02:22:00
T0176,BDC,2026-01-14 00:15:00,2026-01-14 00:17:00
T0177,BDC,2026-01-14 03:35:00,2026-01-14 03:37:00
T0178,BDC,2026-01-14 00:15:00,2026-01-14 00:17:00
T0179,BDC,2026-01-14 01:15:00,2026-01-14 01:17:00
T0180,BDC,2026-01-14 00:20:00,2026-01-14 00:22:00
T0181,BDC,2026-01-14 01:35:00,2026-01-14 01:37:00
T0182,BDC,2026-01-14 00:15:00,2026-01-14 00:17:00
T0183,BDC,2026-01-14 02:40:00,2026-01-14 02:42:00
T0184,BDC,2026-01-14 00:15:00,2026-01-14 00:17:00
T0185,BDC,2026-01-14 01:30:00,2026-01-14 01:32:00
T0186,BDC,2026-01-14 00:20:00,2026-01-14 00:22:00
T0187,BDC,2026-01-14 01:00:00,2026-01-14 01:02:00
T0188,BDC,2026-01-14 00:15:00,2026-01-14 00:17:00
T0189,BDC,2026-01-14 02:35:00,2026-01-14 02:37:00
T0190,BDC,2026-01-14 00:15:00,2026-01-14 00:17:00
T0191,BDC,2026-01-14 02:05:00,2026-01-14 02:07:00
T0192,BDC,2026-01-14 00:20:00,2026-01-14 00:22:00
T0193,BDC,2026-01-14 01:30:00,2026-01-14 01:32:00
T0194,BDC,2026-01-14 00:15:00,2026-01-14 00:17:00
T0195,BDC,2026-01-14 00:40:00,2026-01-14 00:42:00
T0196,HWH,2026-01-14 00:05:00,2026-01-14 00:07:00
T0196,BDC,2026-01-14 00:10:00,2026-01-14 00:12:00
T0197,BDC,2026-01-14 01:10:00,2026-01-14 01:12:00
T0197,HWH,2026-01-14 01:15:00,2026-01-14 01:17:00
T0198,BDC,2026-01-14 00:15:00,2026-01-14 00:17:00
T0199,BDC,2026-01-14 01:25:00,2026-01-14 01:27:00
T0200,BDC,2026-01-14 00:15:00,2026-01-14 00:17:00
T0201,BDC,2026-01-14 02:05:00,2026-01-14 02:07:00
T0202,BDC,2026-01-14 00:15:00,2026-01-14 00:17:00
T0203,BDC,2026-01-14 01:45:00,2026-01-14 01:47:00
T0204,HWH,2026-01-14 02:00:00,2026-01-14 02:02:00
T0205,HWH,2026-01-14 01:05:00,2026-01-14 01:07:00
T0206,HWH,2026-01-14 00:05:00,2026-01-14 00:07:00
T0207,HWH,2026-01-14 00:55:00,2026-01-14 00:57:00
T0208,HWH,2026-01-14 00:05:00,2026-01-14 00:07:00
T0209,HWH,2026-01-14 01:00:00,2026-01-14 01:02:00
T0210,HWH,2026-01-14 00:40:00,2026-01-14 00:42:00
T0210,BDC,2026-01-14 00:45:00,2026-01-14 00:47:00
T0211,BDC,2026-01-14 01:30:00,2026-01-14 01:32:00
T0211,HWH,2026-01-14 01:35:00,2026-01-14 01:37:00
T0212,HWH,2026-01-14 00:05:00,2026-01-14 00:07:00
T0212,BDC,2026-01-14 00:10:00,2026-01-14 00:12:00
T0213,BDC,2026-01-14 00:50:00,2026-01-14 00:52:00
T0213,HWH,2026-01-14 00:55:00,2026-01-14 00:57:00
T0214,HWH,2026-01-14 00:40:00,2026-01-14 00:42:00
T0214,BDC,2026-01-14 00:45:00,2026-01-14 00:47:00
T0215,BDC,2026-01-14 00:50:00,2026-01-14 00:52:00
T0215,HWH,2026-01-14 00:55:00,2026-01-14 00:57:00
T0216,HWH,2026-01-14 00:05:00,2026-01-14 00:07:00
T0216,BDC,2026-01-14 00:10:00,2026-01-14 00:12:00
T0217,BDC,2026-01-14 04:35:00,2026-01-14 04:37:00
T0217,HWH,2026-01-14 04:40:00,2026-01-14 04:42:00
T0218,HWH,2026-01-14 00:05:00,2026-01-14 00:07:00
T0219,HWH,2026-01-14 03:50:00,2026-01-14 03:52:00
T0220,HWH,2026-01-14 00:05:00,2026-01-14 00:07:00
T0221,HWH,2026-01-14 03:45:00,2026-01-14 03:47:00
T0222,HWH,2026-01-14 00:05:00,2026-01-14 00:07:00
T0223,HWH,2026-01-14 01:45:00,2026-01-14 01:47:00
T0224,HWH,2026-01-14 00:05:00,2026-01-14 00:07:00
T0225,HWH,2026-01-14 01:25:00,2026-01-14 01:27:00
T0226,HWH,2026-01-14 00:05:00,2026-01-14 00:07:00
T0227,HWH,2026-01-14 05:05:00,2026-01-14 05:07:00
T0228,BDC,2026-01-14 00:15:00,2026-01-14 00:17:00
T0229,BDC,2026-01-14 02:20:00,2026-01-14 02:22:00
T0230,HWH,2026-01-14 00:05:00,2026-01-14 00:07:00
T0231,HWH,2026-01-14 00:40:00,2026-01-14 00:42:00
T0232,HWH,2026-01-14 00:05:00,2026-01-14 00:07:00
T0233,HWH,2026-01-14 00:40:00,2026-01-14 00:42:00
T0234,HWH,2026-01-14 00:05:00,2026-01-14 00:07:00
T0234,BDC,2026-01-14 00:10:00,2026-01-14 00:12:00
T0235,BDC,2026-01-14 00:45:00,2026-01-14 00:47:00
T0235,HWH,2026-01-14 00:50:00,2026-01-14 00:52:00
T0236,HWH,2026-01-14 00:05:00,2026-01-14 00:07:00
T0236,BDC,2026-01-14 00:15:00,2026-01-14 00:17:00
T0237,BDC,2026-01-14 01:10:00,2026-01-14 01:12:00
T0237,HWH,2026-01-14 01:20:00,2026-01-14 01:22:00
T0238,HWH,2026-01-14 01:45:00,2026-01-14 01:47:00
T0239,HWH,2026-01-14 01:45:00,2026-01-14 01:47:00
T0240,HWH,2026-01-14 01:20:00,2026-01-14 01:22:00
T0241,HWH,2026-01-14 01:00:00,2026-01-14 01:02:00
T0242,HWH,2026-01-14 00:05:00,2026-01-14 00:07:00
T0243,HWH,2026-01-14 00:55:00,2026-01-14 00:57:00
T0244,HWH,2026-01-14 00:05:00,2026-01-14 00:07:00
T0245,HWH,2026-01-14 01:55:00,2026-01-14 01:57:00
T0246,HWH,2026-01-14 00:05:00,2026-01-14 00:07:00
T0247,HWH,2026-01-14 01:35:00,2026-01-14 01:37:00
T0248,HWH,2026-01-14 00:05:00,2026-01-14 00:07:00
T0249,HWH,2026-01-14 01:00:00,2026-01-14 01:02:00
T0250,HWH,2026-01-14 00:05:00,2026-01-14 00:07:00
T0251,HWH,2026-01-14 02:00:00,2026-01-14 02:02:00
T0252,HWH,2026-01-14 00:05:00,2026-01-14 00:07:00
T0253,HWH,2026-01-14 01:40:00,2026-01-14 01:42:00
T0254,HWH,2026-01-14 00:05:00,2026-01-14 00:07:00
T0255,HWH,2026-01-14 01:15:00,2026-01-14 01:17:00
T0256,HWH,2026-01-14 01:20:00,2026-01-14 01:22:00
T0257,HWH,2026-01-14 00:05:00,2026-01-14 00:07:00
T0258,HWH,2026-01-14 00:05:00,2026-01-14 00:07:00
T0259,HWH,2026-01-14 00:45:00,2026-01-14 00:47:00
T0260,HWH,2026-01-14 02:50:00,2026-01-14 02:52:00
T0261,HWH,2026-01-14 00:05:00,2026-01-14 00:07:00
T0262,HWH,2026-01-14 03:05:00,2026-01-14 03:07:00
T0263,BDC,2026-01-14 01:05:00,2026-01-14 01:07:00
T0264,BDC,2026-01-14 02:20:00,2026-01-14 02:22:00
T0265,BDC,2026-01-14 01:30:00,2026-01-14 01:32:00
T0266,BDC,2026-01-14 01:30:00,2026-01-14 01:32:00
T0267,HWH,2026-01-14 00:05:00,2026-01-14 00:07:00
T0268,HWH,2026-01-14 00:45:00,2026-01-14 00:47:00
T0269,HWH,2026-01-14 00:05:00,2026-01-14 00:07:00
T0270,HWH,2026-01-14 01:10:00,2026-01-14 01:12:00
T0271,HWH,2026-01-14 00:05:00,2026-01-14 00:07:00
T0272,HWH,2026-01-14 01:10:00,2026-01-14 01:12:00
T0273,HWH,2026-01-14 00:05:00,2026-01-14 00:07:00
T0274,HWH,2026-01-14 01:10:00,2026-01-14 01:12:00
T0275,HWH,2026-01-14 00:05:00,2026-01-14 00:07:00
T0276,HWH,2026-01-14 01:10:00,2026-01-14 01:12:00
T0277,HWH,2026-01-14 00:05:00,2026-01-14 00:07:00
T0278,HWH,2026-01-14 01:30:00,2026-01-14 01:32:00
T0279,HWH,2026-01-14 00:05:00,2026-01-14 00:07:00
T0280,HWH,2026-01-14 02:00:00,2026-01-14 02:02:00
T0281,HWH,2026-01-14 00:05:00,2026-01-14 00:07:00
T0282,HWH,2026-01-14 02:00:00,2026-01-14 02:02:00
T0283,HWH,2026-01-14 00:05:00,2026-01-14 00:07:00
T0284,HWH,2026-01-14 02:00:00,2026-01-14 02:02:00
T0285,HWH,2026-01-14 00:05:00,2026-01-14 00:07:00
T0286,HWH,2026-01-14 01:50:00,2026-01-14 01:52:00
T0287,HWH,2026-01-14 00:05:00,2026-01-14 00:07:00
T0288,HWH,2026-01-14 02:05:00,2026-01-14 02:07:00
T0289,HWH,2026-01-14 00:05:00,2026-01-14 00:07:00
T0290,HWH,2026-01-14 02:25:00,2026-01-14 02:27:00
T0291,HWH,2026-01-14 00:05:00,2026-01-14 00:07:00
T0292,HWH,2026-01-14 02:20:00,2026-01-14 02:22:00
T0293,HWH,2026-01-14 00:05:00,2026-01-14 00:07:00
T0294,HWH,2026-01-14 02:15:00,2026-01-14 02:17:00
T0295,HWH,2026-01-14 00:05:00,2026-01-14 00:07:00
T0296,HWH,2026-01-14 02:25:00,2026-01-14 02:27:00
T0297,HWH,2026-01-14 00:05:00,2026-01-14 00:07:00
T0298,HWH,2026-01-14 02:25:00,2026-01-14 02:27:00
T0299,HWH,2026-01-14 00:05:00,2026-01-14 00:07:00
T0300,HWH,2026-01-14 02:20:00,2026-01-14 02:22:00
T0301,HWH,2026-01-14 00:05:00,2026-01-14 00:07:00
T0302,HWH,2026-01-14 02:25:00,2026-01-14 02:27:00
T0303,HWH,2026-01-14 00:05:00,2026-01-14 00:07:00
T0304,HWH,2026-01-14 02:25:00,2026-01-14 02:27:00
T0305,HWH,2026-01-14 00:05:00,2026-01-14 00:07:00
T0306,HWH,2026-01-14 00:10:00,2026-01-14 00:12:00
T0307,HWH,2026-01-14 00:05:00,2026-01-14 00:07:00
T0308,HWH,2026-01-14 02:25:00,2026-01-14 02:27:00
T0309,HWH,2026-01-14 00:05:00,2026-01-14 00:07:00
T0310,HWH,2026-01-14 02:20:00,2026-01-14 02:22:00
T0311,HWH,2026-01-14 00:05:00,2026-01-14 00:07:00
T0312,HWH,2026-01-14 02:25:00,2026-01-14 02:27:00
T0313,HWH,2026-01-14 00:05:00,2026-01-14 00:07:00
T0314,HWH,2026-01-14 02:25:00,2026-01-14 02:27:00
T0315,HWH,2026-01-14 00:05:00,2026-01-14 00:07:00
T0316,HWH,2026-01-14 02:25:00,2026-01-14 02:27:00
T0317,HWH,2026-01-14 00:05:00,2026-01-14 00:07:00
T0318,HWH,2026-01-14 02:20:00,2026-01-14 02:22:00
T0319,HWH,2026-01-14 00:05:00,2026-01-14 00:07:00
T0320,HWH,2026-01-14 02:30:00,2026-01-14 02:32:00
T0321,HWH,2026-01-14 00:05:00,2026-01-14 00:07:00
T0322,HWH,2026-01-14 02:30:00,2026-01-14 02:32:00
T0323,HWH,2026-01-14 00:05:00,2026-01-14 00:07:00
T0324,HWH,2026-01-14 02:25:00,2026-01-14 02:27:00
T0325,HWH,2026-01-14 00:05:00,2026-01-14 00:07:00
T0326,HWH,2026-01-14 02:25:00,2026-01-14 02:27:00
T0327,HWH,2026-01-14 00:05:00,2026-01-14 00:07:00
T0328,HWH,2026-01-14 02:25:00,2026-01-14 02:27:00
T0329,HWH,2026-01-14 00:05:00,2026-01-14 00:07:00
T0330,HWH,2026-01-14 02:25:00,2026-01-14 02:27:00
T0331,HWH,2026-01-14 00:05:00,2026-01-14 00:07:00
T0332,HWH,2026-01-14 02:25:00,2026-01-14 02:27:00
T0333,HWH,2026-01-14 02:25:00,2026-01-14 02:27:00
T0334,HWH,2026-01-14 02:30:00,2026-01-14 02:32:00
T0335,HWH,2026-01-14 00:05:00,2026-01-14 00:07:00
T0335,BLY,2026-01-14 00:20:00,2026-01-14 00:22:00
T0335,SRP,2026-01-14 00:45:00,2026-01-14 00:47:00
T0336,SRP,2026-01-14 00:05:00,2026-01-14 00:07:00
T0336,BLY,2026-01-14 00:30:00,2026-01-14 00:32:00
T0336,HWH,2026-01-14 00:45:00,2026-01-14 00:47:00
T0337,HWH,2026-01-14 00:05:00,2026-01-14 00:07:00
T0337,BLY,2026-01-14 00:20:00,2026-01-14 00:22:00
T0337,SRP,2026-01-14 00:45:00,2026-01-14 00:47:00
T0338,SRP,2026-01-14 00:05:00,2026-01-14 00:07:00
T0338,BLY,2026-01-14 00:30:00,2026-01-14 00:32:00
T0338,HWH,2026-01-14 00:45:00,2026-01-14 00:47:00
T0339,HWH,2026-01-14 00:05:00,2026-01-14 00:07:00
T0339,BLY,2026-01-14 00:20:00,2026-01-14 00:22:00
T0339,SRP,2026-01-14 00:45:00,2026-01-14 00:47:00
T0340,SRP,2026-01-14 00:05:00,2026-01-14 00:07:00
T0340,BLY,2026-01-14 00:30:00,2026-01-14 00:32:00
T0340,HWH,2026-01-14 00:45:00,2026-01-14 00:47:00
T0341,HWH,2026-01-14 00:05:00,2026-01-14 00:07:00
T0341,BLY,2026-01-14 00:20:00,2026-01-14 00:22:00
T0341,SRP,2026-01-14 00:45:00,2026-01-14 00:47:00
T0342,SRP,2026-01-14 00:05:00,2026-01-14 00:07:00
T0342,BLY,2026-01-14 00:30:00,2026-01-14 00:32:00
T0342,HWH,2026-01-14 00:45:00,2026-01-14 00:47:00
T0343,HWH,2026-01-14 00:05:00,2026-01-14 00:07:00
T0343,BLY,2026-01-14 00:20:00,2026-01-14 00:22:00
T0343,SRP,2026-01-14 00:45:00,2026-01-14 00:47:00
T0344,SRP,2026-01-14 00:05:00,2026-01-14 00:07:00
T0344,BLY,2026-01-14 00:30:00,2026-01-14 00:32:00
T0344,HWH,2026-01-14 00:45:00,2026-01-14 00:47:00
T0345,HWH,2026-01-14 00:05:00,2026-01-14 00:07:00
T0345,BLY,2026-01-14 00:20:00,2026-01-14 00:22:00
T0345,SRP,2026-01-14 00:45:00,2026-01-14 00:47:00
T0346,SRP,2026-01-14 00:10:00,2026-01-14 00:12:00
T0346,BLY,2026-01-14 00:35:00,2026-01-14 00:37:00
T0346,HWH,2026-01-14 00:50:00,2026-01-14 00:52:00
T0347,HWH,2026-01-14 00:05:00,2026-01-14 00:07:00
T0347,BLY,2026-01-14 00:20:00,2026-01-14 00:22:00
T0347,SRP,2026-01-14 00:45:00,2026-01-14 00:47:00
T0348,SRP,2026-01-14 00:10:00,2026-01-14 00:12:00
T0348,BLY,2026-01-14 00:35:00,2026-01-14 00:37:00
T0348,HWH,2026-01-14 00:50:00,2026-01-14 00:52:00
T0349,HWH,2026-01-14 00:05:00,2026-01-14 00:07:00
T0349,BLY,2026-01-14 00:20:00,2026-01-14 00:22:00
T0349,SRP,2026-01-14 00:45:00,2026-01-14 00:47:00
T0350,SRP,2026-01-14 00:10:00,2026-01-14 00:12:00
T0350,BLY,2026-01-14 00:35:00,2026-01-14 00:37:00
T0350,HWH,2026-01-14 00:50:00,2026-01-14 00:52:00
T0351,HWH,2026-01-14 00:05:00,2026-01-14 00:07:00
T0351,BLY,2026-01-14 00:20:00,2026-01-14 00:22:00
T0351,SRP,2026-01-14 00:45:00,2026-01-14 00:47:00
T0352,SRP,2026-01-14 00:10:00,2026-01-14 00:12:00
T0352,BLY,2026-01-14 00:35:00,2026-01-14 00:37:00
T0352,HWH,2026-01-14 00:50:00,2026-01-14 00:52:00
T0353,HWH,2026-01-14 00:05:00,2026-01-14 00:07:00
T0353,BLY,2026-01-14 00:20:00,2026-01-14 00:22:00
T0353,SRP,2026-01-14 00:45:00,2026-01-14 00:47:00
T0354,SRP,2026-01-14 00:10:00,2026-01-14 00:12:00
T0354,BLY,2026-01-14 00:35:00,2026-01-14 00:37:00
T0354,HWH,2026-01-14 00:50:00,2026-01-14 00:52:00
T0355,HWH,2026-01-14 00:05:00,2026-01-14 00:07:00
T0355,BLY,2026-01-14 00:20:00,2026-01-14 00:22:00
T0355,SRP,2026-01-14 00:45:00,2026-01-14 00:47:00
T0356,SRP,2026-01-14 00:10:00,2026-01-14 00:12:00
T0356,BLY,2026-01-14 00:35:00,2026-01-14 00:37:00
T0356,HWH,2026-01-14 00:50:00,2026-01-14 00:52:00
T0357,HWH,2026-01-14 00:05:00,2026-01-14 00:07:00
T0357,BLY,2026-01-14 00:20:00,2026-01-14 00:22:00
T0357,SRP,2026-01-14 00:45:00,2026-01-14 00:47:00
T0358,SRP,2026-01-14 00:10:00,2026-01-14 00:12:00
T0358,BLY,2026-01-14 00:35:00,2026-01-14 00:37:00
T0358,HWH,2026-01-14 00:50:00,2026-01-14 00:52:00
T0359,HWH,2026-01-14 00:05:00,2026-01-14 00:07:00
T0359,BLY,2026-01-14 00:20:00,2026-01-14 00:22:00
T0359,SRP,2026-01-14 00:45:00,2026-01-14 00:47:00
T0360,SRP,2026-01-14 00:10:00,2026-01-14 00:12:00
T0360,BLY,2026-01-14 00:35:00,2026-01-14 00:37:00
T0360,HWH,2026-01-14 00:50:00,2026-01-14 00:52:00
T0361,SRP,2026-01-14 00:10:00,2026-01-14 00:12:00
T0361,BLY,2026-01-14 00:35:00,2026-01-14 00:37:00
T0361,HWH,2026-01-14 00:50:00,2026-01-14 00:52:00
T0362,HWH,2026-01-14 00:05:00,2026-01-14 00:07:00
T0362,BLY,2026-01-14 00:20:00,2026-01-14 00:22:00
T0362,SRP,2026-01-14 00:45:00,2026-01-14 00:47:00
T0363,SRP,2026-01-14 00:10:00,2026-01-14 00:12:00
T0363,BLY,2026-01-14 00:35:00,2026-01-14 00:37:00
T0363,HWH,2026-01-14 00:50:00,2026-01-14 00:52:00
T0364,HWH,2026-01-14 00:05:00,2026-01-14 00:07:00
T0364,BLY,2026-01-14 00:20:00,2026-01-14 00:22:00
T0364,SRP,2026-01-14 00:45:00,2026-01-14 00:47:00
T0365,SRP,2026-01-14 00:10:00,2026-01-14 00:12:00
T0365,BLY,2026-01-14 00:35:00,2026-01-14 00:37:00
T0365,HWH,2026-01-14 00:50:00,2026-01-14 00:52:00
T0366,HWH,2026-01-14 00:05:00,2026-01-14 00:07:00
T0366,BLY,2026-01-14 00:20:00,2026-01-14 00:22:00
T0366,SRP,2026-01-14 00:45:00,2026-01-14 00:47:00
T0367,SRP,2026-01-14 00:10:00,2026-01-14 00:12:00
T0367,BLY,2026-01-14 00:35:00,2026-01-14 00:37:00
T0367,HWH,2026-01-14 00:50:00,2026-01-14 00:52:00
T0368,HWH,2026-01-14 00:05:00,2026-01-14 00:07:00
T0368,BLY,2026-01-14 00:20:00,2026-01-14 00:22:00
T0368,SRP,2026-01-14 00:45:00,2026-01-14 00:47:00
T0369,SRP,2026-01-14 00:10:00,2026-01-14 00:12:00
T0369,BLY,2026-01-14 00:35:00,2026-01-14 00:37:00
T0369,HWH,2026-01-14 00:50:00,2026-01-14 00:52:00
T0370,HWH,2026-01-14 00:05:00,2026-01-14 00:07:00
T0371,HWH,2026-01-14 00:15:00,2026-01-14 00:17:00
T0372,HWH,2026-01-14 00:05:00,2026-01-14 00:07:00
T0373,HWH,2026-01-14 00:15:00,2026-01-14 00:17:00
T0374,HWH,2026-01-14 00:05:00,2026-01-14 00:07:00
T0375,HWH,2026-01-14 00:15:00,2026-01-14 00:17:00
T0376,HWH,2026-01-14 00:05:00,2026-01-14 00:07:00
T0377,HWH,2026-01-14 00:15:00,2026-01-14 00:17:00
T0378,HWH,2026-01-14 00:05:00,2026-01-14 00:07:00
T0379,HWH,2026-01-14 00:15:00,2026-01-14 00:17:00
T0380,HWH,2026-01-14 00:05:00,2026-01-14 00:07:00
T0381,HWH,2026-01-14 00:15:00,2026-01-14 00:17:00
T0382,HWH,2026-01-14 00:05:00,2026-01-14 00:07:00
T0382,BLY,2026-01-14 00:20:00,2026-01-14 00:22:00
T0382,SRP,2026-01-14 00:45:00,2026-01-14 00:47:00
T0382,CGR,2026-01-14 01:10:00,2026-01-14 01:12:00
T0382,CNS,2026-01-14 01:15:00,2026-01-14 01:17:00
T0382,BDC,2026-01-14 01:25:00,2026-01-14 01:27:00
T0383,BDC,2026-01-14 00:05:00,2026-01-14 00:07:00
T0383,CNS,2026-01-14 00:15:00,2026-01-14 00:17:00
T0383,CGR,2026-01-14 00:20:00,2026-01-14 00:22:00
T0383,SRP,2026-01-14 00:45:00,2026-01-14 00:47:00
T0383,BLY,2026-01-14 01:10:00,2026-01-14 01:12:00
T0383,HWH,2026-01-14 01:25:00,2026-01-14 01:27:00
T0384,HWH,2026-01-14 00:05:00,2026-01-14 00:07:00
T0384,BLY,2026-01-14 00:20:00,2026-01-14 00:22:00
T0384,SRP,2026-01-14 00:45:00,2026-01-14 00:47:00
T0384,CGR,2026-01-14 01:10:00,2026-01-14 01:12:00
T0384,CNS,2026-01-14 01:15:00,2026-01-14 01:17:00
T0384,BDC,2026-01-14 01:25:00,2026-01-14 01:27:00
T0385,BDC,2026-01-14 00:05:00,2026-01-14 00:07:00
T0385,CNS,2026-01-14 00:15:00,2026-01-14 00:17:00
T0385,CGR,2026-01-14 00:20:00,2026-01-14 00:22:00
T0385,SRP,2026-01-14 00:45:00,2026-01-14 00:47:00
T0385,BLY,2026-01-14 01:10:00,2026-01-14 01:12:00
T0385,HWH,2026-01-14 01:25:00,2026-01-14 01:27:00
T0386,HWH,2026-01-14 00:05:00,2026-01-14 00:07:00
T0386,BLY,2026-01-14 00:20:00,2026-01-14 00:22:00
T0386,SRP,2026-01-14 00:45:00,2026-01-14 00:47:00
T0386,CGR,2026-01-14 01:10:00,2026-01-14 01:12:00
T0386,CNS,2026-01-14 01:15:00,2026-01-14 01:17:00
T0386,BDC,2026-01-14 01:25:00,2026-01-14 01:27:00
T0387,BDC,2026-01-14 00:05:00,2026-01-14 00:07:00
T0387,CNS,2026-01-14 00:15:00,2026-01-14 00:17:00
T0387,CGR,2026-01-14 00:20:00,2026-01-14 00:22:00
T0387,SRP,2026-01-14 00:45:00,2026-01-14 00:47:00
T0387,BLY,2026-01-14 01:10:00,2026-01-14 01:12:00
T0387,HWH,2026-01-14 01:25:00,2026-01-14 01:27:00
T0388,HWH,2026-01-14 00:05:00,2026-01-14 00:07:00
T0388,BLY,2026-01-14 00:20:00,2026-01-14 00:22:00
T0388,SRP,2026-01-14 00:45:00,2026-01-14 00:47:00
T0388,CGR,2026-01-14 01:10:00,2026-01-14 01:12:00
T0388,CNS,2026-01-14 01:15:00,2026-01-14 01:17:00
T0388,BDC,2026-01-14 01:25:00,2026-01-14 01:27:00
T0389,BDC,2026-01-14 00:05:00,2026-01-14 00:07:00
T0389,CNS,2026-01-14 00:15:00,2026-01-14 00:17:00
T0389,CGR,2026-01-14 00:20:00,2026-01-14 00:22:00
T0389,SRP,2026-01-14 00:45:00,2026-01-14 00:47:00
T0389,BLY,2026-01-14 01:10:00,2026-01-14 01:12:00
T0389,HWH,2026-01-14 01:25:00,2026-01-14 01:27:00
T0390,HWH,2026-01-14 00:05:00,2026-01-14 00:07:00
T0390,BLY,2026-01-14 00:20:00,2026-01-14 00:22:00
T0390,SRP,2026-01-14 00:45:00,2026-01-14 00:47:00
T0390,CGR,2026-01-14 01:10:00,2026-01-14 01:12:00
T0390,CNS,2026-01-14 01:15:00,2026-01-14 01:17:00
T0390,BDC,2026-01-14 01:25:00,2026-01-14 01:27:00
T0391,BDC,2026-01-14 00:05:00,2026-01-14 00:07:00
T0391,CNS,2026-01-14 00:15:00,2026-01-14 00:17:00
T0391,CGR,2026-01-14 00:20:00,2026-01-14 00:22:00
T0391,SRP,2026-01-14 00:45:00,2026-01-14 00:47:00
T0391,BLY,2026-01-14 01:10:00,2026-01-14 01:12:00
T0391,HWH,2026-01-14 01:25:00,2026-01-14 01:27:00
T0392,HWH,2026-01-14 00:05:00,2026-01-14 00:07:00
T0392,BLY,2026-01-14 00:20:00,2026-01-14 00:22:00
T0392,SRP,2026-01-14 00:45:00,2026-01-14 00:47:00
T0392,CGR,2026-01-14 01:10:00,2026-01-14 01:12:00
T0392,CNS,2026-01-14 01:15:00,2026-01-14 01:17:00
T0392,BDC,2026-01-14 01:25:00,2026-01-14 01:27:00
T0393,BDC,2026-01-14 00:05:00,2026-01-14 00:07:00
T0393,CNS,2026-01-14 00:15:00,2026-01-14 00:17:00
T0393,CGR,2026-01-14 00:20:00,2026-01-14 00:22:00
T0393,SRP,2026-01-14 00:45:00,2026-01-14 00:47:00
T0393,BLY,2026-01-14 01:10:00,2026-01-14 01:12:00
T0393,HWH,2026-01-14 01:25:00,2026-01-14 01:27:00
T0394,HWH,2026-01-14 00:05:00,2026-01-14 00:07:00
T0394,BLY,2026-01-14 00:20:00,2026-01-14 00:22:00
T0394,SRP,2026-01-14 00:45:00,2026-01-14 00:47:00
T0394,CGR,2026-01-14 01:10:00,2026-01-14 01:12:00
T0394,CNS,2026-01-14 01:15:00,2026-01-14 01:17:00
T0394,BDC,2026-01-14 01:25:00,2026-01-14 01:27:00
T0395,BDC,2026-01-14 00:05:00,2026-01-14 00:07:00
T0395,CNS,2026-01-14 00:15:00,2026-01-14 00:17:00
T0395,CGR,2026-01-14 00:20:00,2026-01-14 00:22:00
T0395,SRP,2026-01-14 00:45:00,2026-01-14 00:47:00
T0395,BLY,2026-01-14 01:10:00,2026-01-14 01:12:00
T0395,HWH,2026-01-14 01:25:00,2026-01-14 01:27:00
T0396,HWH,2026-01-14 00:05:00,2026-01-14 00:07:00
T0396,BLY,2026-01-14 00:20:00,2026-01-14 00:22:00
T0396,SRP,2026-01-14 00:45:00,2026-01-14 00:47:00
T0396,CGR,2026-01-14 01:10:00,2026-01-14 01:12:00
T0396,CNS,2026-01-14 01:15:00,2026-01-14 01:17:00
T0396,BDC,2026-01-14 01:25:00,2026-01-14 01:27:00
T0397,BDC,2026-01-14 00:05:00,2026-01-14 00:07:00
T0397,CNS,2026-01-14 00:15:00,2026-01-14 00:17:00
T0397,CGR,2026-01-14 00:20:00,2026-01-14 00:22:00
T0397,SRP,2026-01-14 00:45:00,2026-01-14 00:47:00
T0397,BLY,2026-01-14 01:10:00,2026-01-14 01:12:00
T0397,HWH,2026-01-14 01:25:00,2026-01-14 01:27:00
T0398,HWH,2026-01-14 00:05:00,2026-01-14 00:07:00
T0398,BLY,2026-01-14 00:20:00,2026-01-14 00:22:00
T0398,SRP,2026-01-14 00:45:00,2026-01-14 00:47:00
T0398,CGR,2026-01-14 01:10:00,2026-01-14 01:12:00
T0398,CNS,2026-01-14 01:15:00,2026-01-14 01:17:00
T0398,BDC,2026-01-14 01:25:00,2026-01-14 01:27:00
T0399,BDC,2026-01-14 00:05:00,2026-01-14 00:07:00
T0399,CNS,2026-01-14 00:15:00,2026-01-14 00:17:00
T0399,CGR,2026-01-14 00:20:00,2026-01-14 00:22:00
T0399,SRP,2026-01-14 00:45:00,2026-01-14 00:47:00
T0399,BLY,2026-01-14 01:10:00,2026-01-14 01:12:00
T0399,HWH,2026-01-14 01:25:00,2026-01-14 01:27:00
T0400,HWH,2026-01-14 00:05:00,2026-01-14 00:07:00
T0400,BLY,2026-01-14 00:20:00,2026-01-14 00:22:00
T0400,SRP,2026-01-14 00:45:00,2026-01-14 00:47:00
T0400,CGR,2026-01-14 01:10:00,2026-01-14 01:12:00
T0400,CNS,2026-01-14 01:15:00,2026-01-14 01:17:00
T0400,BDC,2026-01-14 01:25:00,2026-01-14 01:27:00
T0401,BDC,2026-01-14 00:05:00,2026-01-14 00:07:00
T0401,CNS,2026-01-14 00:15:00,2026-01-14 00:17:00
T0401,CGR,2026-01-14 00:20:00,2026-01-14 00:22:00
T0401,SRP,2026-01-14 00:45:00,2026-01-14 00:47:00
T0401,BLY,2026-01-14 01:10:00,2026-01-14 01:12:00
T0401,HWH,2026-01-14 01:25:00,2026-01-14 01:27:00
T0402,HWH,2026-01-14 00:05:00,2026-01-14 00:07:00
T0402,BLY,2026-01-14 00:20:00,2026-01-14 00:22:00
T0402,SRP,2026-01-14 00:45:00,2026-01-14 00:47:00
T0402,CGR,2026-01-14 01:10:00,2026-01-14 01:12:00
T0402,CNS,2026-01-14 01:15:00,2026-01-14 01:17:00
T0402,BDC,2026-01-14 01:25:00,2026-01-14 01:27:00
T0403,BDC,2026-01-14 00:05:00,2026-01-14 00:07:00
T0403,CNS,2026-01-14 00:15:00,2026-01-14 00:17:00
T0403,CGR,2026-01-14 00:20:00,2026-01-14 00:22:00
T0403,SRP,2026-01-14 00:45:00,2026-01-14 00:47:00
T0403,BLY,2026-01-14 01:10:00,2026-01-14 01:12:00
T0403,HWH,2026-01-14 01:25:00,2026-01-14 01:27:00
T0404,HWH,2026-01-14 00:05:00,2026-01-14 00:07:00
T0404,BLY,2026-01-14 00:20:00,2026-01-14 00:22:00
T0404,SRP,2026-01-14 00:45:00,2026-01-14 00:47:00
T0404,CGR,2026-01-14 01:10:00,2026-01-14 01:12:00
T0404,CNS,2026-01-14 01:15:00,2026-01-14 01:17:00
T0404,BDC,2026-01-14 01:25:00,2026-01-14 01:27:00
T0405,BDC,2026-01-14 00:05:00,2026-01-14 00:07:00
T0405,CNS,2026-01-14 00:15:00,2026-01-14 00:17:00
T0405,CGR,2026-01-14 00:20:00,2026-01-14 00:22:00
T0405,SRP,2026-01-14 00:45:00,2026-01-14 00:47:00
T0405,BLY,2026-01-14 01:10:00,2026-01-14 01:12:00
T0405,HWH,2026-01-14 01:25:00,2026-01-14 01:27:00
T0406,HWH,2026-01-14 00:05:00,2026-01-14 00:07:00
T0406,BLY,2026-01-14 00:20:00,2026-01-14 00:22:00
T0406,SRP,2026-01-14 00:45:00,2026-01-14 00:47:00
T0406,CGR,2026-01-14 01:10:00,2026-01-14 01:12:00
T0406,CNS,2026-01-14 01:15:00,2026-01-14 01:17:00
T0406,BDC,2026-01-14 01:25:00,2026-01-14 01:27:00
T0407,BDC,2026-01-14 00:05:00,2026-01-14 00:07:00
T0407,CNS,2026-01-14 00:15:00,2026-01-14 00:17:00
T0407,CGR,2026-01-14 00:20:00,2026-01-14 00:22:00
T0407,SRP,2026-01-14 00:45:00,2026-01-14 00:47:00
T0407,BLY,2026-01-14 01:10:00,2026-01-14 01:12:00
T0407,HWH,2026-01-14 01:25:00,2026-01-14 01:27:00
T0408,HWH,2026-01-14 00:05:00,2026-01-14 00:07:00
T0408,BLY,2026-01-14 00:20:00,2026-01-14 00:22:00
T0408,SRP,2026-01-14 00:45:00,2026-01-14 00:47:00
T0408,CGR,2026-01-14 01:10:00,2026-01-14 01:12:00
T0408,CNS,2026-01-14 01:15:00,2026-01-14 01:17:00
T0408,BDC,2026-01-14 01:25:00,2026-01-14 01:27:00
T0409,BDC,2026-01-14 00:05:00,2026-01-14 00:07:00
T0409,CNS,2026-01-14 00:15:00,2026-01-14 00:17:00
T0409,CGR,2026-01-14 00:20:00,2026-01-14 00:22:00
T0409,SRP,2026-01-14 00:45:00,2026-01-14 00:47:00
T0409,BLY,2026-01-14 01:10:00,2026-01-14 01:12:00
T0409,HWH,2026-01-14 01:25:00,2026-01-14 01:27:00
T0410,HWH,2026-01-14 00:05:00,2026-01-14 00:07:00
T0410,BLY,2026-01-14 00:20:00,2026-01-14 00:22:00
T0410,SRP,2026-01-14 00:45:00,2026-01-14 00:47:00
T0410,CGR,2026-01-14 01:10:00,2026-01-14 01:12:00
T0410,CNS,2026-01-14 01:15:00,2026-01-14 01:17:00
T0410,BDC,2026-01-14 01:25:00,2026-01-14 01:27:00
T0411,BDC,2026-01-14 00:05:00,2026-01-14 00:07:00
T0411,CNS,2026-01-14 00:15:00,2026-01-14 00:17:00
T0411,CGR,2026-01-14 00:20:00,2026-01-14 00:22:00
T0411,SRP,2026-01-14 00:45:00,2026-01-14 00:47:00
T0411,BLY,2026-01-14 01:10:00,2026-01-14 01:12:00
T0411,HWH,2026-01-14 01:25:00,2026-01-14 01:27:00
T0412,HWH,2026-01-14 00:05:00,2026-01-14 00:07:00
T0412,BLY,2026-01-14 00:20:00,2026-01-14 00:22:00
T0412,SRP,2026-01-14 00:45:00,2026-01-14 00:47:00
T0412,CGR,2026-01-14 01:10:00,2026-01-14 01:12:00
T0412,CNS,2026-01-14 01:15:00,2026-01-14 01:17:00
T0412,BDC,2026-01-14 01:25:00,2026-01-14 01:27:00
T0413,BDC,2026-01-14 00:05:00,2026-01-14 00:07:00
T0413,CNS,2026-01-14 00:15:00,2026-01-14 00:17:00
T0413,CGR,2026-01-14 00:20:00,2026-01-14 00:22:00
T0413,SRP,2026-01-14 00:45:00,2026-01-14 00:47:00
T0413,BLY,2026-01-14 01:10:00,2026-01-14 01:12:00
T0413,HWH,2026-01-14 01:25:00,2026-01-14 01:27:00
T0414,HWH,2026-01-14 00:05:00,2026-01-14 00:07:00
T0414,BLY,2026-01-14 00:20:00,2026-01-14 00:22:00
T0414,SRP,2026-01-14 00:45:00,2026-01-14 00:47:00
T0414,CGR,2026-01-14 01:10:00,2026-01-14 01:12:00
T0414,CNS,2026-01-14 01:15:00,2026-01-14 01:17:00
T0414,BDC,2026-01-14 01:25:00,2026-01-14 01:27:00
T0415,BDC,2026-01-14 00:05:00,2026-01-14 00:07:00
T0415,CNS,2026-01-14 00:15:00,2026-01-14 00:17:00
T0415,CGR,2026-01-14 00:20:00,2026-01-14 00:22:00
T0415,SRP,2026-01-14 00:45:00,2026-01-14 00:47:00
T0415,BLY,2026-01-14 01:10:00,2026-01-14 01:12:00
T0415,HWH,2026-01-14 01:25:00,2026-01-14 01:27:00
T0416,HWH,2026-01-14 00:05:00,2026-01-14 00:07:00
T0416,BLY,2026-01-14 00:20:00,2026-01-14 00:22:00
T0416,SRP,2026-01-14 00:45:00,2026-01-14 00:47:00
T0416,CGR,2026-01-14 01:10:00,2026-01-14 01:12:00
T0416,CNS,2026-01-14 01:15:00,2026-01-14 01:17:00
T0416,BDC,2026-01-14 01:25:00,2026-01-14 01:27:00
T0417,BDC,2026-01-14 00:05:00,2026-01-14 00:07:00
T0417,CNS,2026-01-14 00:15:00,2026-01-14 00:17:00
T0417,CGR,2026-01-14 00:20:00,2026-01-14 00:22:00
T0417,SRP,2026-01-14 00:45:00,2026-01-14 00:47:00
T0417,BLY,2026-01-14 01:10:00,2026-01-14 01:12:00
T0417,HWH,2026-01-14 01:25:00,2026-01-14 01:27:00
T0418,HWH,2026-01-14 00:05:00,2026-01-14 00:07:00
T0418,BLY,2026-01-14 00:20:00,2026-01-14 00:22:00
T0418,SRP,2026-01-14 00:45:00,2026-01-14 00:47:00
T0418,CGR,2026-01-14 01:10:00,2026-01-14 01:12:00
T0418,CNS,2026-01-14 01:15:00,2026-01-14 01:17:00
T0418,BDC,2026-01-14 01:25:00,2026-01-14 01:27:00
T0419,BDC,2026-01-14 00:05:00,2026-01-14 00:07:00
T0419,CNS,2026-01-14 00:15:00,2026-01-14 00:17:00
T0419,CGR,2026-01-14 00:20:00,2026-01-14 00:22:00
T0419,SRP,2026-01-14 00:45:00,2026-01-14 00:47:00
T0419,BLY,2026-01-14 01:10:00,2026-01-14 01:12:00
T0419,HWH,2026-01-14 01:25:00,2026-01-14 01:27:00
T0420,HWH,2026-01-14 00:05:00,2026-01-14 00:07:00
T0420,BLY,2026-01-14 00:20:00,2026-01-14 00:22:00
T0420,SRP,2026-01-14 00:45:00,2026-01-14 00:47:00
T0420,CGR,2026-01-14 01:10:00,2026-01-14 01:12:00
T0420,CNS,2026-01-14 01:15:00,2026-01-14 01:17:00
T0420,BDC,2026-01-14 01:25:00,2026-01-14 01:27:00
T0421,BDC,2026-01-14 00:05:00,2026-01-14 00:07:00
T0421,CNS,2026-01-14 00:15:00,2026-01-14 00:17:00
T0421,CGR,2026-01-14 00:20:00,2026-01-14 00:22:00
T0421,SRP,2026-01-14 00:45:00,2026-01-14 00:47:00
T0421,BLY,2026-01-14 01:10:00,2026-01-14 01:12:00
T0421,HWH,2026-01-14 01:25:00,2026-01-14 01:27:00
T0422,HWH,2026-01-14 00:05:00,2026-01-14 00:07:00
T0422,BLY,2026-01-14 00:20:00,2026-01-14 00:22:00
T0422,SRP,2026-01-14 00:45:00,2026-01-14 00:47:00
T0422,CGR,2026-01-14 01:10:00,2026-01-14 01:12:00
T0422,CNS,2026-01-14 01:15:00,2026-01-14 01:17:00
T0422,BDC,2026-01-14 01:25:00,2026-01-14 01:27:00
T0423,BDC,2026-01-14 00:05:00,2026-01-14 00:07:00
T0423,CNS,2026-01-14 00:15:00,2026-01-14 00:17:00
T0423,CGR,2026-01-14 00:20:00,2026-01-14 00:22:00
T0423,SRP,2026-01-14 00:45:00,2026-01-14 00:47:00
T0423,BLY,2026-01-14 01:10:00,2026-01-14 01:12:00
T0423,HWH,2026-01-14 01:25:00,2026-01-14 01:27:00
T0424,HWH,2026-01-14 00:05:00,2026-01-14 00:07:00
T0424,BLY,2026-01-14 00:20:00,2026-01-14 00:22:00
T0424,SRP,2026-01-14 00:45:00,2026-01-14 00:47:00
T0424,CGR,2026-01-14 01:10:00,2026-01-14 01:12:00
T0424,CNS,2026-01-14 01:15:00,2026-01-14 01:17:00
T0424,BDC,2026-01-14 01:25:00,2026-01-14 01:27:00
T0425,BDC,2026-01-14 00:05:00,2026-01-14 00:07:00
T0425,CNS,2026-01-14 00:15:00,2026-01-14 00:17:00
T0425,CGR,2026-01-14 00:20:00,2026-01-14 00:22:00
T0425,SRP,2026-01-14 00:45:00,2026-01-14 00:47:00
T0425,BLY,2026-01-14 01:10:00,2026-01-14 01:12:00
T0425,HWH,2026-01-14 01:25:00,2026-01-14 01:27:00
T0426,HWH,2026-01-14 00:05:00,2026-01-14 00:07:00
T0426,BLY,2026-01-14 00:20:00,2026-01-14 00:22:00
T0426,SRP,2026-01-14 00:45:00,2026-01-14 00:47:00
T0426,CGR,2026-01-14 01:10:00,2026-01-14 01:12:00
T0426,CNS,2026-01-14 01:15:00,2026-01-14 01:17:00
T0426,BDC,2026-01-14 01:25:00,2026-01-14 01:27:00
T0427,BDC,2026-01-14 00:05:00,2026-01-14 00:07:00
T0427,CNS,2026-01-14 00:15:00,2026-01-14 00:17:00
T0427,CGR,2026-01-14 00:20:00,2026-01-14 00:22:00
T0427,SRP,2026-01-14 00:45:00,2026-01-14 00:47:00
T0427,BLY,2026-01-14 01:10:00,2026-01-14 01:12:00
T0427,HWH,2026-01-14 01:25:00,2026-01-14 01:27:00
T0428,HWH,2026-01-14 00:05:00,2026-01-14 00:07:00
T0428,BLY,2026-01-14 00:20:00,2026-01-14 00:22:00
T0428,SRP,2026-01-14 00:45:00,2026-01-14 00:47:00
T0428,CGR,2026-01-14 01:10:00,2026-01-14 01:12:00
T0428,CNS,2026-01-14 01:15:00,2026-01-14 01:17:00
T0428,BDC,2026-01-14 01:25:00,2026-01-14 01:27:00
T0429,BDC,2026-01-14 00:05:00,2026-01-14 00:07:00
T0429,CNS,2026-01-14 00:15:00,2026-01-14 00:17:00
T0429,CGR,2026-01-14 00:20:00,2026-01-14 00:22:00
T0429,SRP,2026-01-14 00:45:00,2026-01-14 00:47:00
T0429,BLY,2026-01-14 01:10:00,2026-01-14 01:12:00
T0429,HWH,2026-01-14 01:25:00,2026-01-14 01:27:00
T0430,HWH,2026-01-14 00:05:00,2026-01-14 00:07:00
T0430,BLY,2026-01-14 00:20:00,2026-01-14 00:22:00
T0430,SRP,2026-01-14 00:45:00,2026-01-14 00:47:00
T0430,CGR,2026-01-14 01:10:00,2026-01-14 01:12:00
T0430,CNS,2026-01-14 01:15:00,2026-01-14 01:17:00
T0430,BDC,2026-01-14 01:25:00,2026-01-14 01:27:00
T0431,BDC,2026-01-14 00:05:00,2026-01-14 00:07:00
T0431,CNS,2026-01-14 00:15:00,2026-01-14 00:17:00
T0431,CGR,2026-01-14 00:20:00,2026-01-14 00:22:00
T0431,SRP,2026-01-14 00:45:00,2026-01-14 00:47:00
T0431,BLY,2026-01-14 01:10:00,2026-01-14 01:12:00
T0431,HWH,2026-01-14 01:25:00,2026-01-14 01:27:00
T0432,HWH,2026-01-14 00:05:00,2026-01-14 00:07:00
T0432,BLY,2026-01-14 00:20:00,2026-01-14 00:22:00
T0432,SRP,2026-01-14 00:45:00,2026-01-14 00:47:00
T0432,CGR,2026-01-14 01:10:00,2026-01-14 01:12:00
T0432,CNS,2026-01-14 01:15:00,2026-01-14 01:17:00
T0432,BDC,2026-01-14 01:25:00,2026-01-14 01:27:00
T0433,BDC,2026-01-14 00:05:00,2026-01-14 00:07:00
T0433,CNS,2026-01-14 00:15:00,2026-01-14 00:17:00
T0433,CGR,2026-01-14 00:20:00,2026-01-14 00:22:00
T0433,SRP,2026-01-14 00:45:00,2026-01-14 00:47:00
T0433,BLY,2026-01-14 01:10:00,2026-01-14 01:12:00
T0433,HWH,2026-01-14 01:25:00,2026-01-14 01:27:00
T0434,HWH,2026-01-14 00:05:00,2026-01-14 00:07:00
T0434,BLY,2026-01-14 00:20:00,2026-01-14 00:22:00
T0434,SRP,2026-01-14 00:45:00,2026-01-14 00:47:00
T0434,CGR,2026-01-14 01:10:00,2026-01-14 01:12:00
T0434,CNS,2026-01-14 01:15:00,2026-01-14 01:17:00
T0434,BDC,2026-01-14 01:25:00,2026-01-14 01:27:00
T0435,BDC,2026-01-14 00:05:00,2026-01-14 00:07:00
T0435,CNS,2026-01-14 00:15:00,2026-01-14 00:17:00
T0435,CGR,2026-01-14 00:20:00,2026-01-14 00:22:00
T0435,SRP,2026-01-14 00:45:00,2026-01-14 00:47:00
T0435,BLY,2026-01-14 01:10:00,2026-01-14 01:12:00
T0435,HWH,2026-01-14 01:25:00,2026-01-14 01:27:00
T0436,HWH,2026-01-14 00:05:00,2026-01-14 00:07:00
T0436,BLY,2026-01-14 00:20:00,2026-01-14 00:22:00
T0436,SRP,2026-01-14 00:45:00,2026-01-14 00:47:00
T0436,CGR,2026-01-14 01:10:00,2026-01-14 01:12:00
T0436,CNS,2026-01-14 01:15:00,2026-01-14 01:17:00
T0436,BDC,2026-01-14 01:25:00,2026-01-14 01:27:00
T0437,BDC,2026-01-14 00:05:00,2026-01-14 00:07:00
T0437,CNS,2026-01-14 00:15:00,2026-01-14 00:17:00
T0437,CGR,2026-01-14 00:20:00,2026-01-14 00:22:00
T0437,SRP,2026-01-14 00:45:00,2026-01-14 00:47:00
T0437,BLY,2026-01-14 01:10:00,2026-01-14 01:12:00
T0437,HWH,2026-01-14 01:25:00,2026-01-14 01:27:00
T0438,HWH,2026-01-14 00:05:00,2026-01-14 00:07:00
T0438,BLY,2026-01-14 00:20:00,2026-01-14 00:22:00
T0438,SRP,2026-01-14 00:45:00,2026-01-14 00:47:00
T0438,CGR,2026-01-14 01:10:00,2026-01-14 01:12:00
T0438,CNS,2026-01-14 01:15:00,2026-01-14 01:17:00
T0438,BDC,2026-01-14 01:25:00,2026-01-14 01:27:00
T0439,BDC,2026-01-14 00:05:00,2026-01-14 00:07:00
T0439,CNS,2026-01-14 00:15:00,2026-01-14 00:17:00
T0439,CGR,2026-01-14 00:20:00,2026-01-14 00:22:00
T0439,SRP,2026-01-14 00:45:00,2026-01-14 00:47:00
T0439,BLY,2026-01-14 01:10:00,2026-01-14 01:12:00
T0439,HWH,2026-01-14 01:25:00,2026-01-14 01:27:00
T0440,HWH,2026-01-14 00:05:00,2026-01-14 00:07:00
T0440,BLY,2026-01-14 00:20:00,2026-01-14 00:22:00
T0440,SRP,2026-01-14 00:45:00,2026-01-14 00:47:00
T0440,CGR,2026-01-14 01:10:00,2026-01-14 01:12:00
T0440,CNS,2026-01-14 01:15:00,2026-01-14 01:17:00
T0440,BDC,2026-01-14 01:25:00,2026-01-14 01:27:00
T0441,BDC,2026-01-14 00:05:00,2026-01-14 00:07:00
T0441,CNS,2026-01-14 00:15:00,2026-01-14 00:17:00
T0441,CGR,2026-01-14 00:20:00,2026-01-14 00:22:00
T0441,SRP,2026-01-14 00:45:00,2026-01-14 00:47:00
T0441,BLY,2026-01-14 01:10:00,2026-01-14 01:12:00
T0441,HWH,2026-01-14 01:25:00,2026-01-14 01:27:00
T0442,HWH,2026-01-14 00:05:00,2026-01-14 00:07:00
T0442,BLY,2026-01-14 00:20:00,2026-01-14 00:22:00
T0442,SRP,2026-01-14 00:45:00,2026-01-14 00:47:00
T0442,CGR,2026-01-14 01:10:00,2026-01-14 01:12:00
T0442,CNS,2026-01-14 01:15:00,2026-01-14 01:17:00
T0442,BDC,2026-01-14 01:25:00,2026-01-14 01:27:00
T0443,BDC,2026-01-14 00:05:00,2026-01-14 00:07:00
T0443,CNS,2026-01-14 00:15:00,2026-01-14 00:17:00
T0443,CGR,2026-01-14 00:20:00,2026-01-14 00:22:00
T0443,SRP,2026-01-14 00:45:00,2026-01-14 00:47:00
T0443,BLY,2026-01-14 01:10:00,2026-01-14 01:12:00
T0443,HWH,2026-01-14 01:25:00,2026-01-14 01:27:00
T0444,HWH,2026-01-14 00:05:00,2026-01-14 00:07:00
T0444,BLY,2026-01-14 00:20:00,2026-01-14 00:22:00
T0444,SRP,2026-01-14 00:45:00,2026-01-14 00:47:00
T0444,CGR,2026-01-14 01:10:00,2026-01-14 01:12:00
T0444,CNS,2026-01-14 01:15:00,2026-01-14 01:17:00
T0444,BDC,2026-01-14 01:25:00,2026-01-14 01:27:00
T0445,BDC,2026-01-14 00:05:00,2026-01-14 00:07:00
T0445,CNS,2026-01-14 00:15:00,2026-01-14 00:17:00
T0445,CGR,2026-01-14 00:20:00,2026-01-14 00:22:00
T0445,SRP,2026-01-14 00:45:00,2026-01-14 00:47:00
T0445,BLY,2026-01-14 01:10:00,2026-01-14 01:12:00
T0445,HWH,2026-01-14 01:25:00,2026-01-14 01:27:00
T0446,HWH,2026-01-14 00:05:00,2026-01-14 00:07:00
T0446,BLY,2026-01-14 00:20:00,2026-01-14 00:22:00
T0446,SRP,2026-01-14 00:45:00,2026-01-14 00:47:00
T0446,CGR,2026-01-14 01:10:00,2026-01-14 01:12:00
T0446,CNS,2026-01-14 01:15:00,2026-01-14 01:17:00
T0446,BDC,2026-01-14 01:25:00,2026-01-14 01:27:00
T0447,BDC,2026-01-14 00:05:00,2026-01-14 00:07:00
T0447,CNS,2026-01-14 00:15:00,2026-01-14 00:17:00
T0447,CGR,2026-01-14 00:20:00,2026-01-14 00:22:00
T0447,SRP,2026-01-14 00:45:00,2026-01-14 00:47:00
T0447,BLY,2026-01-14 01:10:00,2026-01-14 01:12:00
T0447,HWH,2026-01-14 01:25:00,2026-01-14 01:27:00
T0448,HWH,2026-01-14 00:05:00,2026-01-14 00:07:00
T0448,BLY,2026-01-14 00:20:00,2026-01-14 00:22:00
T0448,SRP,2026-01-14 00:45:00,2026-01-14 00:47:00
T0448,CGR,2026-01-14 01:10:00,2026-01-14 01:12:00
T0448,CNS,2026-01-14 01:15:00,2026-01-14 01:17:00
T0448,BDC,2026-01-14 01:25:00,2026-01-14 01:27:00
T0449,BDC,2026-01-14 00:05:00,2026-01-14 00:07:00
T0449,CNS,2026-01-14 00:15:00,2026-01-14 00:17:00
T0449,CGR,2026-01-14 00:20:00,2026-01-14 00:22:00
T0449,SRP,2026-01-14 00:45:00,2026-01-14 00:47:00
T0449,BLY,2026-01-14 01:10:00,2026-01-14 01:12:00
T0449,HWH,2026-01-14 01:25:00,2026-01-14 01:27:00
T0450,HWH,2026-01-14 00:05:00,2026-01-14 00:07:00
T0450,BLY,2026-01-14 00:20:00,2026-01-14 00:22:00
T0450,SRP,2026-01-14 00:45:00,2026-01-14 00:47:00
T0450,CGR,2026-01-14 01:10:00,2026-01-14 01:12:00
T0450,CNS,2026-01-14 01:15:00,2026-01-14 01:17:00
T0450,BDC,2026-01-14 01:25:00,2026-01-14 01:27:00
T0451,BDC,2026-01-14 00:05:00,2026-01-14 00:07:00
T0451,CNS,2026-01-14 00:15:00,2026-01-14 00:17:00
T0451,CGR,2026-01-14 00:20:00,2026-01-14 00:22:00
T0451,SRP,2026-01-14 00:45:00,2026-01-14 00:47:00
T0451,BLY,2026-01-14 01:10:00,2026-01-14 01:12:00
T0451,HWH,2026-01-14 01:25:00,2026-01-14 01:27:00
T0452,HWH,2026-01-14 00:05:00,2026-01-14 00:07:00
T0452,BLY,2026-01-14 00:20:00,2026-01-14 00:22:00
T0452,SRP,2026-01-14 00:45:00,2026-01-14 00:47:00
T0452,CGR,2026-01-14 01:10:00,2026-01-14 01:12:00
T0452,CNS,2026-01-14 01:15:00,2026-01-14 01:17:00
T0452,BDC,2026-01-14 01:25:00,2026-01-14 01:27:00
T0453,BDC,2026-01-14 00:05:00,2026-01-14 00:07:00
T0453,CNS,2026-01-14 00:15:00,2026-01-14 00:17:00
T0453,CGR,2026-01-14 00:20:00,2026-01-14 00:22:00
T0453,SRP,2026-01-14 00:45:00,2026-01-14 00:47:00
T0453,BLY,2026-01-14 01:10:00,2026-01-14 01:12:00
T0453,HWH,2026-01-14 01:25:00,2026-01-14 01:27:00
T0454,HWH,2026-01-14 00:05:00,2026-01-14 00:07:00
T0454,BLY,2026-01-14 00:20:00,2026-01-14 00:22:00
T0454,SRP,2026-01-14 00:45:00,2026-01-14 00:47:00
T0454,CGR,2026-01-14 01:10:00,2026-01-14 01:12:00
T0454,CNS,2026-01-14 01:15:00,2026-01-14 01:17:00
T0454,BDC,2026-01-14 01:25:00,2026-01-14 01:27:00
T0455,BDC,2026-01-14 00:05:00,2026-01-14 00:07:00
T0455,CNS,2026-01-14 00:15:00,2026-01-14 00:17:00
T0455,CGR,2026-01-14 00:20:00,2026-01-14 00:22:00
T0455,SRP,2026-01-14 00:45:00,2026-01-14 00:47:00
T0455,BLY,2026-01-14 01:10:00,2026-01-14 01:12:00
T0455,HWH,2026-01-14 01:25:00,2026-01-14 01:27:00
T0456,HWH,2026-01-14 00:05:00,2026-01-14 00:07:00
T0456,BLY,2026-01-14 00:20:00,2026-01-14 00:22:00
T0456,SRP,2026-01-14 00:45:00,2026-01-14 00:47:00
T0456,CGR,2026-01-14 01:10:00,2026-01-14 01:12:00
T0456,CNS,2026-01-14 01:15:00,2026-01-14 01:17:00
T0456,BDC,2026-01-14 01:25:00,2026-01-14 01:27:00
T0457,BDC,2026-01-14 00:05:00,2026-01-14 00:07:00
T0457,CNS,2026-01-14 00:15:00,2026-01-14 00:17:00
T0457,CGR,2026-01-14 00:20:00,2026-01-14 00:22:00
T0457,SRP,2026-01-14 00:45:00,2026-01-14 00:47:00
T0457,BLY,2026-01-14 01:10:00,2026-01-14 01:12:00
T0457,HWH,2026-01-14 01:25:00,2026-01-14 01:27:00
T0458,HWH,2026-01-14 00:05:00,2026-01-14 00:07:00
T0458,BLY,2026-01-14 00:20:00,2026-01-14 00:22:00
T0458,SRP,2026-01-14 00:45:00,2026-01-14 00:47:00
T0458,CGR,2026-01-14 01:10:00,2026-01-14 01:12:00
T0458,CNS,2026-01-14 01:15:00,2026-01-14 01:17:00
T0458,BDC,2026-01-14 01:25:00,2026-01-14 01:27:00
T0459,BDC,2026-01-14 00:05:00,2026-01-14 00:07:00
T0459,CNS,2026-01-14 00:15:00,2026-01-14 00:17:00
T0459,CGR,2026-01-14 00:20:00,2026-01-14 00:22:00
T0459,SRP,2026-01-14 00:45:00,2026-01-14 00:47:00
T0459,BLY,2026-01-14 01:10:00,2026-01-14 01:12:00
T0459,HWH,2026-01-14 01:25:00,2026-01-14 01:27:00
T0460,HWH,2026-01-14 00:05:00,2026-01-14 00:07:00
T0460,BLY,2026-01-14 00:20:00,2026-01-14 00:22:00
T0460,SRP,2026-01-14 00:45:00,2026-01-14 00:47:00
T0460,CGR,2026-01-14 01:10:00,2026-01-14 01:12:00
T0460,CNS,2026-01-14 01:15:00,2026-01-14 01:17:00
T0460,BDC,2026-01-14 01:25:00,2026-01-14 01:27:00
T0461,BDC,2026-01-14 00:05:00,2026-01-14 00:07:00
T0461,CNS,2026-01-14 00:15:00,2026-01-14 00:17:00
T0461,CGR,2026-01-14 00:20:00,2026-01-14 00:22:00
T0461,SRP,2026-01-14 00:45:00,2026-01-14 00:47:00
T0461,BLY,2026-01-14 01:10:00,2026-01-14 01:12:00
T0461,HWH,2026-01-14 01:25:00,2026-01-14 01:27:00
T0462,HWH,2026-01-14 00:05:00,2026-01-14 00:07:00
T0462,BLY,2026-01-14 00:20:00,2026-01-14 00:22:00
T0462,SRP,2026-01-14 00:45:00,2026-01-14 00:47:00
T0462,CGR,2026-01-14 01:10:00,2026-01-14 01:12:00
T0462,CNS,2026-01-14 01:15:00,2026-01-14 01:17:00
T0462,BDC,2026-01-14 01:25:00,2026-01-14 01:27:00
T0463,BDC,2026-01-14 00:05:00,2026-01-14 00:07:00
T0463,CNS,2026-01-14 00:15:00,2026-01-14 00:17:00
T0463,CGR,2026-01-14 00:20:00,2026-01-14 00:22:00
T0463,SRP,2026-01-14 00:45:00,2026-01-14 00:47:00
T0463,BLY,2026-01-14 01:10:00,2026-01-14 01:12:00
T0463,HWH,2026-01-14 01:25:00,2026-01-14 01:27:00
T0464,HWH,2026-01-14 00:05:00,2026-01-14 00:07:00
T0464,BLY,2026-01-14 00:20:00,2026-01-14 00:22:00
T0464,SRP,2026-01-14 00:45:00,2026-01-14 00:47:00
T0464,CGR,2026-01-14 01:10:00,2026-01-14 01:12:00
T0464,CNS,2026-01-14 01:15:00,2026-01-14 01:17:00
T0464,BDC,2026-01-14 01:25:00,2026-01-14 01:27:00
T0465,HWH,2026-01-14 00:05:00,2026-01-14 00:07:00
T0465,BLY,2026-01-14 00:20:00,2026-01-14 00:22:00
T0465,SRP,2026-01-14 00:45:00,2026-01-14 00:47:00
T0466,SRP,2026-01-14 00:25:00,2026-01-14 00:27:00
T0466,BLY,2026-01-14 00:50:00,2026-01-14 00:52:00
T0466,HWH,2026-01-14 01:05:00,2026-01-14 01:07:00
T0467,HWH,2026-01-14 00:05:00,2026-01-14 00:07:00
T0467,BLY,2026-01-14 00:20:00,2026-01-14 00:22:00
T0467,SRP,2026-01-14 00:45:00,2026-01-14 00:47:00
T0468,SRP,2026-01-14 00:25:00,2026-01-14 00:27:00
T0468,BLY,2026-01-14 00:50:00,2026-01-14 00:52:00
T0468,HWH,2026-01-14 01:05:00,2026-01-14 01:07:00
T0469,HWH,2026-01-14 00:05:00,2026-01-14 00:07:00
T0469,BLY,2026-01-14 00:20:00,2026-01-14 00:22:00
T0469,SRP,2026-01-14 00:45:00,2026-01-14 00:47:00
T0470,SRP,2026-01-14 00:45:00,2026-01-14 00:47:00
T0470,BLY,2026-01-14 01:10:00,2026-01-14 01:12:00
T0470,HWH,2026-01-14 01:25:00,2026-01-14 01:27:00
T0471,HWH,2026-01-14 00:05:00,2026-01-14 00:07:00
T0471,BLY,2026-01-14 00:20:00,2026-01-14 00:22:00
T0471,SRP,2026-01-14 00:45:00,2026-01-14 00:47:00
T0472,SRP,2026-01-14 01:05:00,2026-01-14 01:07:00
T0472,BLY,2026-01-14 01:30:00,2026-01-14 01:32:00
T0472,HWH,2026-01-14 01:45:00,2026-01-14 01:47:00
T0473,HWH,2026-01-14 00:05:00,2026-01-14 00:07:00
T0473,BLY,2026-01-14 00:20:00,2026-01-14 00:22:00
T0473,SRP,2026-01-14 00:45:00,2026-01-14 00:47:00
T0474,SRP,2026-01-14 01:05:00,2026-01-14 01:07:00
T0474,BLY,2026-01-14 01:30:00,2026-01-14 01:32:00
T0474,HWH,2026-01-14 01:45:00,2026-01-14 01:47:00
T0475,HWH,2026-01-14 00:05:00,2026-01-14 00:07:00
T0475,BLY,2026-01-14 00:20:00,2026-01-14 00:22:00
T0475,SRP,2026-01-14 00:45:00,2026-01-14 00:47:00
T0476,SRP,2026-01-14 01:05:00,2026-01-14 01:07:00
T0476,BLY,2026-01-14 01:30:00,2026-01-14 01:32:00
T0476,HWH,2026-01-14 01:45:00,2026-01-14 01:47:00
T0477,HWH,2026-01-14 00:05:00,2026-01-14 00:07:00
T0477,BLY,2026-01-14 00:20:00,2026-01-14 00:22:00
T0477,SRP,2026-01-14 00:45:00,2026-01-14 00:47:00
T0478,SRP,2026-01-14 01:05:00,2026-01-14 01:07:00
T0478,BLY,2026-01-14 01:30:00,2026-01-14 01:32:00
T0478,HWH,2026-01-14 01:45:00,2026-01-14 01:47:00
T0479,HWH,2026-01-14 00:05:00,2026-01-14 00:07:00
T0479,BLY,2026-01-14 00:20:00,2026-01-14 00:22:00
T0479,SRP,2026-01-14 00:45:00,2026-01-14 00:47:00
T0480,SRP,2026-01-14 01:05:00,2026-01-14 01:07:00
T0480,BLY,2026-01-14 01:25:00,2026-01-14 01:27:00
T0480,HWH,2026-01-14 01:40:00,2026-01-14 01:42:00
T0481,HWH,2026-01-14 00:05:00,2026-01-14 00:07:00
T0481,BLY,2026-01-14 00:20:00,2026-01-14 00:22:00
T0481,SRP,2026-01-14 00:45:00,2026-01-14 00:47:00
T0482,SRP,2026-01-14 01:05:00,2026-01-14 01:07:00
T0482,BLY,2026-01-14 01:20:00,2026-01-14 01:22:00
T0482,HWH,2026-01-14 01:30:00,2026-01-14 01:32:00
T0483,HWH,2026-01-14 00:05:00,2026-01-14 00:07:00
T0483,BLY,2026-01-14 00:20:00,2026-01-14 00:22:00
T0483,SRP,2026-01-14 00:45:00,2026-01-14 00:47:00
T0484,SRP,2026-01-14 01:05:00,2026-01-14 01:07:00
T0484,BLY,2026-01-14 01:30:00,2026-01-14 01:32:00
T0484,HWH,2026-01-14 01:45:00,2026-01-14 01:47:00
T0485,HWH,2026-01-14 00:05:00,2026-01-14 00:07:00
T0485,BLY,2026-01-14 00:20:00,2026-01-14 00:22:00
T0485,SRP,2026-01-14 00:45:00,2026-01-14 00:47:00
T0486,SRP,2026-01-14 01:05:00,2026-01-14 01:07:00
T0486,BLY,2026-01-14 01:30:00,2026-01-14 01:32:00
T0486,HWH,2026-01-14 01:45:00,2026-01-14 01:47:00
T0487,HWH,2026-01-14 00:05:00,2026-01-14 00:07:00
T0487,BLY,2026-01-14 00:20:00,2026-01-14 00:22:00
T0487,SRP,2026-01-14 00:45:00,2026-01-14 00:47:00
T0488,SRP,2026-01-14 01:05:00,2026-01-14 01:07:00
T0488,BLY,2026-01-14 01:30:00,2026-01-14 01:32:00
T0488,HWH,2026-01-14 01:45:00,2026-01-14 01:47:00
T0489,HWH,2026-01-14 00:05:00,2026-01-14 00:07:00
T0489,BLY,2026-01-14 00:20:00,2026-01-14 00:22:00
T0489,SRP,2026-01-14 00:45:00,2026-01-14 00:47:00
T0490,SRP,2026-01-14 01:05:00,2026-01-14 01:07:00
T0490,BLY,2026-01-14 01:30:00,2026-01-14 01:32:00
T0490,HWH,2026-01-14 01:45:00,2026-01-14 01:47:00
T0491,HWH,2026-01-14 00:05:00,2026-01-14 00:07:00
T0491,BLY,2026-01-14 00:20:00,2026-01-14 00:22:00
T0491,SRP,2026-01-14 00:45:00,2026-01-14 00:47:00
T0492,SRP,2026-01-14 01:05:00,2026-01-14 01:07:00
T0492,BLY,2026-01-14 01:30:00,2026-01-14 01:32:00
T0492,HWH,2026-01-14 01:45:00,2026-01-14 01:47:00
T0493,HWH,2026-01-14 00:05:00,2026-01-14 00:07:00
T0493,BLY,2026-01-14 00:20:00,2026-01-14 00:22:00
T0493,SRP,2026-01-14 00:45:00,2026-01-14 00:47:00
T0494,SRP,2026-01-14 01:05:00,2026-01-14 01:07:00
T0494,BLY,2026-01-14 01:30:00,2026-01-14 01:32:00
T0494,HWH,2026-01-14 01:45:00,2026-01-14 01:47:00
T0495,HWH,2026-01-14 00:05:00,2026-01-14 00:07:00
T0495,BLY,2026-01-14 00:20:00,2026-01-14 00:22:00
T0495,SRP,2026-01-14 00:45:00,2026-01-14 00:47:00
T0496,SRP,2026-01-14 01:05:00,2026-01-14 01:07:00
T0496,BLY,2026-01-14 01:30:00,2026-01-14 01:32:00
T0496,HWH,2026-01-14 01:45:00,2026-01-14 01:47:00
T0497,HWH,2026-01-14 00:05:00,2026-01-14 00:07:00
T0497,BLY,2026-01-14 00:20:00,2026-01-14 00:22:00
T0497,SRP,2026-01-14 00:45:00,2026-01-14 00:47:00
T0498,SRP,2026-01-14 01:05:00,2026-01-14 01:07:00
T0498,BLY,2026-01-14 01:30:00,2026-01-14 01:32:00
T0498,HWH,2026-01-14 01:45:00,2026-01-14 01:47:00
T0499,HWH,2026-01-14 00:05:00,2026-01-14 00:07:00
T0499,BLY,2026-01-14 00:20:00,2026-01-14 00:22:00
T0499,SRP,2026-01-14 00:45:00,2026-01-14 00:47:00
T0500,SRP,2026-01-14 01:05:00,2026-01-14 01:07:00
T0500,BLY,2026-01-14 01:30:00,2026-01-14 01:32:00
T0500,HWH,2026-01-14 01:45:00,2026-01-14 01:47:00
T0501,HWH,2026-01-14 00:05:00,2026-01-14 00:07:00
T0501,BLY,2026-01-14 00:20:00,2026-01-14 00:22:00
T0501,SRP,2026-01-14 00:45:00,2026-01-14 00:47:00
T0502,SRP,2026-01-14 01:05:00,2026-01-14 01:07:00
T0502,BLY,2026-01-14 01:30:00,2026-01-14 01:32:00
T0502,HWH,2026-01-14 01:45:00,2026-01-14 01:47:00
T0503,HWH,2026-01-14 00:05:00,2026-01-14 00:07:00
T0503,BLY,2026-01-14 00:20:00,2026-01-14 00:22:00
T0503,SRP,2026-01-14 00:45:00,2026-01-14 00:47:00
T0504,SRP,2026-01-14 01:05:00,2026-01-14 01:07:00
T0504,BLY,2026-01-14 01:30:00,2026-01-14 01:32:00
T0504,HWH,2026-01-14 01:45:00,2026-01-14 01:47:00
T0505,HWH,2026-01-14 00:05:00,2026-01-14 00:07:00
T0505,BLY,2026-01-14 00:20:00,2026-01-14 00:22:00
T0505,SRP,2026-01-14 00:45:00,2026-01-14 00:47:00
T0506,SRP,2026-01-14 01:05:00,2026-01-14 01:07:00
T0506,BLY,2026-01-14 01:30:00,2026-01-14 01:32:00
T0506,HWH,2026-01-14 01:45:00,2026-01-14 01:47:00
T0507,HWH,2026-01-14 00:05:00,2026-01-14 00:07:00
T0507,BLY,2026-01-14 00:20:00,2026-01-14 00:22:00
T0507,SRP,2026-01-14 00:45:00,2026-01-14 00:47:00
T0508,SRP,2026-01-14 01:05:00,2026-01-14 01:07:00
T0508,BLY,2026-01-14 01:30:00,2026-01-14 01:32:00
T0508,HWH,2026-01-14 01:45:00,2026-01-14 01:47:00
T0509,HWH,2026-01-14 00:05:00,2026-01-14 00:07:00
T0509,BLY,2026-01-14 00:20:00,2026-01-14 00:22:00
T0509,SRP,2026-01-14 00:45:00,2026-01-14 00:47:00
T0510,SRP,2026-01-14 01:05:00,2026-01-14 01:07:00
T0510,BLY,2026-01-14 01:30:00,2026-01-14 01:32:00
T0510,HWH,2026-01-14 01:45:00,2026-01-14 01:47:00
T0511,HWH,2026-01-14 00:05:00,2026-01-14 00:07:00
T0511,BLY,2026-01-14 00:20:00,2026-01-14 00:22:00
T0511,SRP,2026-01-14 00:45:00,2026-01-14 00:47:00
T0512,SRP,2026-01-14 01:05:00,2026-01-14 01:07:00
T0512,BLY,2026-01-14 01:30:00,2026-01-14 01:32:00
T0512,HWH,2026-01-14 01:45:00,2026-01-14 01:47:00
T0513,SRP,2026-01-14 01:05:00,2026-01-14 01:07:00
T0513,BLY,2026-01-14 01:30:00,2026-01-14 01:32:00
T0513,HWH,2026-01-14 01:45:00,2026-01-14 01:47:00
T0514,HWH,2026-01-14 00:05:00,2026-01-14 00:07:00
T0514,BLY,2026-01-14 00:20:00,2026-01-14 00:22:00
T0514,SRP,2026-01-14 00:45:00,2026-01-14 00:47:00
T0515,SRP,2026-01-14 01:15:00,2026-01-14 01:17:00
T0515,BLY,2026-01-14 01:40:00,2026-01-14 01:42:00
T0515,HWH,2026-01-14 01:55:00,2026-01-14 01:57:00
T0516,HWH,2026-01-14 00:05:00,2026-01-14 00:07:00
T0516,BLY,2026-01-14 00:20:00,2026-01-14 00:22:00
T0516,SRP,2026-01-14 00:45:00,2026-01-14 00:47:00
T0517,SRP,2026-01-14 01:15:00,2026-01-14 01:17:00
T0517,BLY,2026-01-14 01:40:00,2026-01-14 01:42:00
T0517,HWH,2026-01-14 01:55:00,2026-01-14 01:57:00
T0518,HWH,2026-01-14 00:05:00,2026-01-14 00:07:00
T0518,BLY,2026-01-14 00:20:00,2026-01-14 00:22:00
T0518,SRP,2026-01-14 00:45:00,2026-01-14 00:47:00
T0519,SRP,2026-01-14 01:15:00,2026-01-14 01:17:00
T0519,BLY,2026-01-14 01:40:00,2026-01-14 01:42:00
T0519,HWH,2026-01-14 01:55:00,2026-01-14 01:57:00
T0520,HWH,2026-01-14 00:05:00,2026-01-14 00:07:00
T0520,BLY,2026-01-14 00:20:00,2026-01-14 00:22:00
T0520,SRP,2026-01-14 00:45:00,2026-01-14 00:47:00
T0521,SRP,2026-01-14 01:15:00,2026-01-14 01:17:00
T0521,BLY,2026-01-14 01:40:00,2026-01-14 01:42:00
T0521,HWH,2026-01-14 01:55:00,2026-01-14 01:57:00
T0522,HWH,2026-01-14 00:05:00,2026-01-14 00:07:00
T0522,BLY,2026-01-14 00:20:00,2026-01-14 00:22:00
T0522,SRP,2026-01-14 00:45:00,2026-01-14 00:47:00
T0523,SRP,2026-01-14 01:15:00,2026-01-14 01:17:00
T0523,BLY,2026-01-14 01:35:00,2026-01-14 01:37:00
T0523,HWH,2026-01-14 01:50:00,2026-01-14 01:52:00
T0524,HWH,2026-01-14 00:05:00,2026-01-14 00:07:00
T0524,BLY,2026-01-14 00:20:00,2026-01-14 00:22:00
T0524,SRP,2026-01-14 00:45:00,2026-01-14 00:47:00
T0525,SRP,2026-01-14 01:15:00,2026-01-14 01:17:00
T0525,BLY,2026-01-14 01:40:00,2026-01-14 01:42:00
T0525,HWH,2026-01-14 01:55:00,2026-01-14 01:57:00
T0526,HWH,2026-01-14 00:05:00,2026-01-14 00:07:00
T0526,BLY,2026-01-14 00:20:00,2026-01-14 00:22:00
T0526,SRP,2026-01-14 00:45:00,2026-01-14 00:47:00
T0527,SRP,2026-01-14 01:15:00,2026-01-14 01:17:00
T0527,BLY,2026-01-14 01:40:00,2026-01-14 01:42:00
T0527,HWH,2026-01-14 01:55:00,2026-01-14 01:57:00
T0528,SRP,2026-01-14 01:15:00,2026-01-14 01:17:00
T0528,BLY,2026-01-14 01:40:00,2026-01-14 01:42:00
T0528,HWH,2026-01-14 01:55:00,2026-01-14 01:57:00
T0529,HWH,2026-01-14 00:05:00,2026-01-14 00:07:00
T0529,BLY,2026-01-14 00:20:00,2026-01-14 00:22:00
T0529,SRP,2026-01-14 00:45:00,2026-01-14 00:47:00
T0530,BLY,2026-01-14 00:05:00,2026-01-14 00:07:00
T0530,SRP,2026-01-14 00:30:00,2026-01-14 00:32:00
T0530,CGR,2026-01-14 00:55:00,2026-01-14 00:57:00
T0530,CNS,2026-01-14 01:00:00,2026-01-14 01:02:00
T0530,BDC,2026-01-14 01:10:00,2026-01-14 01:12:00
T0531,BDC,2026-01-14 00:05:00,2026-01-14 00:07:00
T0531,CNS,2026-01-14 00:15:00,2026-01-14 00:17:00
T0531,CGR,2026-01-14 00:20:00,2026-01-14 00:22:00
T0531,SRP,2026-01-14 00:45:00,2026-01-14 00:47:00
T0531,BLY,2026-01-14 01:10:00,2026-01-14 01:12:00
T0532,BDC,2026-01-14 00:20:00,2026-01-14 00:22:00
T0533,BDC,2026-01-14 00:05:00,2026-01-14 00:07:00
T0534,BDC,2026-01-14 00:20:00,2026-01-14 00:22:00
T0535,BDC,2026-01-14 00:05:00,2026-01-14 00:07:00
T0536,BDC,2026-01-14 00:20:00,2026-01-14 00:22:00
T0537,BDC,2026-01-14 00:05:00,2026-01-14 00:07:00
T0538,BDC,2026-01-14 00:20:00,2026-01-14 00:22:00
T0539,BDC,2026-01-14 00:05:00,2026-01-14 00:07:00
T0540,BDC,2026-01-14 00:20:00,2026-01-14 00:22:00
T0541,BDC,2026-01-14 00:05:00,2026-01-14 00:07:00
T0542,BDC,2026-01-14 00:20:00,2026-01-14 00:22:00
T0543,BDC,2026-01-14 00:05:00,2026-01-14 00:07:00
T0544,BDC,2026-01-14 00:20:00,2026-01-14 00:22:00
T0545,BDC,2026-01-14 00:05:00,2026-01-14 00:07:00
T0546,BDC,2026-01-14 00:20:00,2026-01-14 00:22:00
T0547,BDC,2026-01-14 00:05:00,2026-01-14 00:07:00
T0548,BDC,2026-01-14 00:20:00,2026-01-14 00:22:00
T0549,BDC,2026-01-14 00:05:00,2026-01-14 00:07:00
T0550,BDC,2026-01-14 00:20:00,2026-01-14 00:22:00
T0551,BDC,2026-01-14 00:05:00,2026-01-14 00:07:00
T0552,BDC,2026-01-14 00:20:00,2026-01-14 00:22:00
T0553,BDC,2026-01-14 00:05:00,2026-01-14 00:07:00
T0554,BDC,2026-01-14 00:20:00,2026-01-14 00:22:00
T0555,BDC,2026-01-14 00:05:00,2026-01-14 00:07:00
T0556,BDC,2026-01-14 00:20:00,2026-01-14 00:22:00
T0557,BDC,2026-01-14 00:05:00,2026-01-14 00:07:00
T0558,BDC,2026-01-14 00:20:00,2026-01-14 00:22:00
T0559,BDC,2026-01-14 00:05:00,2026-01-14 00:07:00
T0560,BDC,2026-01-14 00:20:00,2026-01-14 00:22:00
T0561,BDC,2026-01-14 00:05:00,2026-01-14 00:07:00
T0562,BDC,2026-01-14 00:20:00,2026-01-14 00:22:00
T0563,BDC,2026-01-14 00:05:00,2026-01-14 00:07:00
T0564,BDC,2026-01-14 00:20:00,2026-01-14 00:22:00
T0565,BDC,2026-01-14 00:05:00,2026-01-14 00:07:00
T0566,BDC,2026-01-14 00:20:00,2026-01-14 00:22:00
T0567,BDC,2026-01-14 00:05:00,2026-01-14 00:07:00
T0568,BDC,2026-01-14 00:20:00,2026-01-14 00:22:00
T0569,BDC,2026-01-14 00:05:00,2026-01-14 00:07:00
T0570,HWH,2026-01-14 00:05:00,2026-01-14 00:07:00
T0570,BLY,2026-01-14 00:20:00,2026-01-14 00:22:00
T0570,SRP,2026-01-14 00:45:00,2026-01-14 00:47:00
T0570,CGR,2026-01-14 01:10:00,2026-01-14 01:12:00
T0570,CNS,2026-01-14 01:15:00,2026-01-14 01:17:00
T0570,BDC,2026-01-14 01:25:00,2026-01-14 01:27:00
T0571,BDC,2026-01-14 00:30:00,2026-01-14 00:32:00
T0571,CNS,2026-01-14 00:40:00,2026-01-14 00:42:00
T0571,CGR,2026-01-14 00:45:00,2026-01-14 00:47:00
T0571,HWH,2026-01-14 01:15:00,2026-01-14 01:17:00
T0572,BDC,2026-01-14 00:20:00,2026-01-14 00:22:00
T0572,CNS,2026-01-14 00:30:00,2026-01-14 00:32:00
T0572,CGR,2026-01-14 00:35:00,2026-01-14 00:37:00
T0572,SRP,2026-01-14 01:00:00,2026-01-14 01:02:00
T0572,BLY,2026-01-14 01:25:00,2026-01-14 01:27:00
T0572,HWH,2026-01-14 01:40:00,2026-01-14 01:42:00
T0573,HWH,2026-01-14 00:05:00,2026-01-14 00:07:00
T0573,SRP,2026-01-14 00:15:00,2026-01-14 00:17:00
T0573,CGR,2026-01-14 00:25:00,2026-01-14 00:27:00
T0573,CNS,2026-01-14 00:30:00,2026-01-14 00:32:00
T0573,BDC,2026-01-14 00:35:00,2026-01-14 00:37:00
T0574,BDC,2026-01-14 01:00:00,2026-01-14 01:02:00
T0574,CNS,2026-01-14 01:05:00,2026-01-14 01:07:00
T0574,CGR,2026-01-14 01:10:00,2026-01-14 01:12:00
T0574,SRP,2026-01-14 01:20:00,2026-01-14 01:22:00
T0574,HWH,2026-01-14 01:30:00,2026-01-14 01:32:00
T0575,HWH,2026-01-14 00:05:00,2026-01-14 00:07:00
T0575,BLY,2026-01-14 00:20:00,2026-01-14 00:22:00
T0575,SRP,2026-01-14 00:45:00,2026-01-14 00:47:00
T0575,CGR,2026-01-14 01:10:00,2026-01-14 01:12:00
T0575,CNS,2026-01-14 01:15:00,2026-01-14 01:17:00
T0575,BDC,2026-01-14 01:25:00,2026-01-14 01:27:00
T0576,BDC,2026-01-14 01:00:00,2026-01-14 01:02:00
T0576,CNS,2026-01-14 01:10:00,2026-01-14 01:12:00
T0576,CGR,2026-01-14 01:15:00,2026-01-14 01:17:00
T0576,SRP,2026-01-14 01:40:00,2026-01-14 01:42:00
T0576,BLY,2026-01-14 02:05:00,2026-01-14 02:07:00
T0576,HWH,2026-01-14 02:20:00,2026-01-14 02:22:00
T0577,HWH,2026-01-14 00:05:00,2026-01-14 00:07:00
T0577,BLY,2026-01-14 00:20:00,2026-01-14 00:22:00
T0577,SRP,2026-01-14 00:45:00,2026-01-14 00:47:00
T0577,CGR,2026-01-14 01:10:00,2026-01-14 01:12:00
T0577,CNS,2026-01-14 01:15:00,2026-01-14 01:17:00
T0577,BDC,2026-01-14 01:25:00,2026-01-14 01:27:00
T0578,BDC,2026-01-14 01:00:00,2026-01-14 01:02:00
T0578,CNS,2026-01-14 01:10:00,2026-01-14 01:12:00
T0578,CGR,2026-01-14 01:15:00,2026-01-14 01:17:00
T0578,SRP,2026-01-14 01:40:00,2026-01-14 01:42:00
T0578,BLY,2026-01-14 02:05:00,2026-01-14 02:07:00
T0578,HWH,2026-01-14 02:20:00,2026-01-14 02:22:00
T0579,HWH,2026-01-14 00:05:00,2026-01-14 00:07:00
T0579,BLY,2026-01-14 00:20:00,2026-01-14 00:22:00
T0579,SRP,2026-01-14 00:45:00,2026-01-14 00:47:00
T0579,CGR,2026-01-14 01:10:00,2026-01-14 01:12:00
T0579,CNS,2026-01-14 01:15:00,2026-01-14 01:17:00
T0579,BDC,2026-01-14 01:25:00,2026-01-14 01:27:00
T0580,BDC,2026-01-14 01:00:00,2026-01-14 01:02:00
T0580,CNS,2026-01-14 01:10:00,2026-01-14 01:12:00
T0580,CGR,2026-01-14 01:15:00,2026-01-14 01:17:00
T0580,SRP,2026-01-14 01:40:00,2026-01-14 01:42:00
T0580,BLY,2026-01-14 02:05:00,2026-01-14 02:07:00
T0580,HWH,2026-01-14 02:20:00,2026-01-14 02:22:00
T0581,BDC,2026-01-14 00:05:00,2026-01-14 00:07:00
T0582,BDC,2026-01-14 00:05:00,2026-01-14 00:07:00
T0583,BDC,2026-01-14 01:00:00,2026-01-14 01:02:00
T0584,BDC,2026-01-14 00:05:00,2026-01-14 00:07:00
T0585,BDC,2026-01-14 02:05:00,2026-01-14 02:07:00
T0586,BDC,2026-01-14 00:05:00,2026-01-14 00:07:00
T0587,BDC,2026-01-14 02:20:00,2026-01-14 02:22:00
T0588,BDC,2026-01-14 00:05:00,2026-01-14 00:07:00
T0589,BDC,2026-01-14 02:15:00,2026-01-14 02:17:00
T0590,BDC,2026-01-14 00:05:00,2026-01-14 00:07:00
T0591,BDC,2026-01-14 02:20:00,2026-01-14 02:22:00
T0592,BDC,2026-01-14 02:20:00,2026-01-14 02:22:00
T0593,BDC,2026-01-14 00:05:00,2026-01-14 00:07:00
T0594,BDC,2026-01-14 02:20:00,2026-01-14 02:22:00
T0595,BDC,2026-01-14 00:05:00,2026-01-14 00:07:00
T0596,BDC,2026-01-14 02:05:00,2026-01-14 02:07:00
T0597,BDC,2026-01-14 02:20:00,2026-01-14 02:22:00
T0598,BDC,2026-01-14 00:05:00,2026-01-14 00:07:00
T0599,BDC,2026-01-14 02:05:00,2026-01-14 02:07:00
T0600,BDC,2026-01-14 00:05:00,2026-01-14 00:07:00
T0601,BDC,2026-01-14 01:30:00,2026-01-14 01:32:00
T0602,BDC,2026-01-14 00:05:00,2026-01-14 00:07:00
T0603,BDC,2026-01-14 01:30:00,2026-01-14 01:32:00
T0604,BDC,2026-01-14 00:05:00,2026-01-14 00:07:00
T0605,BDC,2026-01-14 01:30:00,2026-01-14 01:32:00
T0606,HWH,2026-01-14 00:05:00,2026-01-14 00:07:00
T0606,BLY,2026-01-14 00:20:00,2026-01-14 00:22:00
T0606,SRP,2026-01-14 00:45:00,2026-01-14 00:47:00
T0606,CGR,2026-01-14 01:10:00,2026-01-14 01:12:00
T0606,CNS,2026-01-14 01:15:00,2026-01-14 01:17:00
T0606,BDC,2026-01-14 01:25:00,2026-01-14 01:27:00
T0607,BDC,2026-01-14 01:20:00,2026-01-14 01:22:00
T0607,CNS,2026-01-14 01:30:00,2026-01-14 01:32:00
T0607,CGR,2026-01-14 01:35:00,2026-01-14 01:37:00
T0607,SRP,2026-01-14 02:00:00,2026-01-14 02:02:00
T0607,BLY,2026-01-14 02:25:00,2026-01-14 02:27:00
T0607,HWH,2026-01-14 02:40:00,2026-01-14 02:42:00
T0608,HWH,2026-01-14 00:05:00,2026-01-14 00:07:00
T0608,BLY,2026-01-14 00:20:00,2026-01-14 00:22:00
T0608,SRP,2026-01-14 00:45:00,2026-01-14 00:47:00
T0608,CGR,2026-01-14 01:10:00,2026-01-14 01:12:00
T0608,CNS,2026-01-14 01:15:00,2026-01-14 01:17:00
T0608,BDC,2026-01-14 01:25:00,2026-01-14 01:27:00
T0609,BDC,2026-01-14 01:30:00,2026-01-14 01:32:00
T0609,CNS,2026-01-14 01:40:00,2026-01-14 01:42:00
T0609,CGR,2026-01-14 01:45:00,2026-01-14 01:47:00
T0609,SRP,2026-01-14 02:10:00,2026-01-14 02:12:00
T0609,BLY,2026-01-14 02:35:00,2026-01-14 02:37:00
T0609,HWH,2026-01-14 02:50:00,2026-01-14 02:52:00
T0610,HWH,2026-01-14 00:05:00,2026-01-14 00:07:00
T0610,BLY,2026-01-14 00:10:00,2026-01-14 00:12:00
T0610,SRP,2026-01-14 00:25:00,2026-01-14 00:27:00
T0610,CGR,2026-01-14 00:45:00,2026-01-14 00:47:00
T0610,CNS,2026-01-14 00:50:00,2026-01-14 00:52:00
T0610,BDC,2026-01-14 00:55:00,2026-01-14 00:57:00
T0611,BDC,2026-01-14 01:30:00,2026-01-14 01:32:00
T0611,CNS,2026-01-14 01:40:00,2026-01-14 01:42:00
T0611,CGR,2026-01-14 01:45:00,2026-01-14 01:47:00
T0611,SRP,2026-01-14 02:10:00,2026-01-14 02:12:00
T0611,BLY,2026-01-14 02:35:00,2026-01-14 02:37:00
T0611,HWH,2026-01-14 02:50:00,2026-01-14 02:52:00
T0612,HWH,2026-01-14 00:05:00,2026-01-14 00:07:00
T0612,BLY,2026-01-14 00:20:00,2026-01-14 00:22:00
T0612,SRP,2026-01-14 00:45:00,2026-01-14 00:47:00
T0612,CGR,2026-01-14 01:10:00,2026-01-14 01:12:00
T0612,CNS,2026-01-14 01:15:00,2026-01-14 01:17:00
T0612,BDC,2026-01-14 01:25:00,2026-01-14 01:27:00
T0613,BDC,2026-01-14 01:30:00,2026-01-14 01:32:00
T0613,CNS,2026-01-14 01:40:00,2026-01-14 01:42:00
T0613,CGR,2026-01-14 01:45:00,2026-01-14 01:47:00
T0613,SRP,2026-01-14 02:10:00,2026-01-14 02:12:00
T0613,BLY,2026-01-14 02:35:00,2026-01-14 02:37:00
T0613,HWH,2026-01-14 02:50:00,2026-01-14 02:52:00
T0614,HWH,2026-01-14 00:05:00,2026-01-14 00:07:00
T0614,BLY,2026-01-14 00:20:00,2026-01-14 00:22:00
T0614,SRP,2026-01-14 00:45:00,2026-01-14 00:47:00
T0614,CGR,2026-01-14 01:10:00,2026-01-14 01:12:00
T0614,CNS,2026-01-14 01:15:00,2026-01-14 01:17:00
T0614,BDC,2026-01-14 01:25:00,2026-01-14 01:27:00
T0615,BDC,2026-01-14 01:30:00,2026-01-14 01:32:00
T0615,CNS,2026-01-14 01:40:00,2026-01-14 01:42:00
T0615,CGR,2026-01-14 01:45:00,2026-01-14 01:47:00
T0615,SRP,2026-01-14 02:10:00,2026-01-14 02:12:00
T0615,BLY,2026-01-14 02:35:00,2026-01-14 02:37:00
T0615,HWH,2026-01-14 02:50:00,2026-01-14 02:52:00
T0616,HWH,2026-01-14 00:05:00,2026-01-14 00:07:00
T0616,BLY,2026-01-14 00:20:00,2026-01-14 00:22:00
T0616,SRP,2026-01-14 00:45:00,2026-01-14 00:47:00
T0616,CGR,2026-01-14 01:10:00,2026-01-14 01:12:00
T0616,CNS,2026-01-14 01:15:00,2026-01-14 01:17:00
T0616,BDC,2026-01-14 01:25:00,2026-01-14 01:27:00
T0617,BDC,2026-01-14 00:10:00,2026-01-14 00:12:00
T0617,HWH,2026-01-14 00:15:00,2026-01-14 00:17:00
T0618,HWH,2026-01-14 00:05:00,2026-01-14 00:07:00
T0618,BLY,2026-01-14 00:20:00,2026-01-14 00:22:00
T0618,SRP,2026-01-14 00:45:00,2026-01-14 00:47:00
T0618,CGR,2026-01-14 01:10:00,2026-01-14 01:12:00
T0618,CNS,2026-01-14 01:15:00,2026-01-14 01:17:00
T0618,BDC,2026-01-14 01:25:00,2026-01-14 01:27:00
T0619,BDC,2026-01-14 01:30:00,2026-01-14 01:32:00
T0619,CNS,2026-01-14 01:40:00,2026-01-14 01:42:00
T0619,CGR,2026-01-14 01:45:00,2026-01-14 01:47:00
T0619,SRP,2026-01-14 02:10:00,2026-01-14 02:12:00
T0619,HWH,2026-01-14 02:20:00,2026-01-14 02:22:00
T0620,HWH,2026-01-14 00:05:00,2026-01-14 00:07:00
T0620,BLY,2026-01-14 00:20:00,2026-01-14 00:22:00
T0620,SRP,2026-01-14 00:45:00,2026-01-14 00:47:00
T0620,CGR,2026-01-14 01:10:00,2026-01-14 01:12:00
T0620,CNS,2026-01-14 01:15:00,2026-01-14 01:17:00
T0620,BDC,2026-01-14 01:25:00,2026-01-14 01:27:00
T0621,BDC,2026-01-14 01:30:00,2026-01-14 01:32:00
T0621,CNS,2026-01-14 01:35:00,2026-01-14 01:37:00
T0621,CGR,2026-01-14 01:40:00,2026-01-14 01:42:00
T0621,SRP,2026-01-14 01:45:00,2026-01-14 01:47:00
T0621,HWH,2026-01-14 01:50:00,2026-01-14 01:52:00
T0622,HWH,2026-01-14 00:05:00,2026-01-14 00:07:00
T0622,BLY,2026-01-14 00:20:00,2026-01-14 00:22:00
T0622,SRP,2026-01-14 00:45:00,2026-01-14 00:47:00
T0622,CGR,2026-01-14 01:10:00,2026-01-14 01:12:00
T0622,CNS,2026-01-14 01:15:00,2026-01-14 01:17:00
T0622,BDC,2026-01-14 01:25:00,2026-01-14 01:27:00
T0623,BDC,2026-01-14 01:30:00,2026-01-14 01:32:00
T0623,CNS,2026-01-14 01:40:00,2026-01-14 01:42:00
T0623,CGR,2026-01-14 01:45:00,2026-01-14 01:47:00
T0623,SRP,2026-01-14 02:10:00,2026-01-14 02:12:00
T0623,HWH,2026-01-14 02:15:00,2026-01-14 02:17:00
T0624,HWH,2026-01-14 00:05:00,2026-01-14 00:07:00
T0624,BLY,2026-01-14 00:20:00,2026-01-14 00:22:00
T0624,SRP,2026-01-14 00:45:00,2026-01-14 00:47:00
T0624,CGR,2026-01-14 01:10:00,2026-01-14 01:12:00
T0624,CNS,2026-01-14 01:15:00,2026-01-14 01:17:00
T0624,BDC,2026-01-14 01:25:00,2026-01-14 01:27:00
T0625,BDC,2026-01-14 01:30:00,2026-01-14 01:32:00
T0625,CNS,2026-01-14 01:40:00,2026-01-14 01:42:00
T0625,CGR,2026-01-14 01:45:00,2026-01-14 01:47:00
T0625,SRP,2026-01-14 02:10:00,2026-01-14 02:12:00
T0625,HWH,2026-01-14 02:15:00,2026-01-14 02:17:00
T0626,HWH,2026-01-14 00:05:00,2026-01-14 00:07:00
T0626,BLY,2026-01-14 00:10:00,2026-01-14 00:12:00
T0626,SRP,2026-01-14 00:25:00,2026-01-14 00:27:00
T0626,CGR,2026-01-14 00:50:00,2026-01-14 00:52:00
T0626,CNS,2026-01-14 00:55:00,2026-01-14 00:57:00
T0626,BDC,2026-01-14 01:05:00,2026-01-14 01:07:00
T0627,BDC,2026-01-14 01:30:00,2026-01-14 01:32:00
T0627,CNS,2026-01-14 01:40:00,2026-01-14 01:42:00
T0627,CGR,2026-01-14 01:45:00,2026-01-14 01:47:00
T0627,SRP,2026-01-14 02:10:00,2026-01-14 02:12:00
T0627,BLY,2026-01-14 02:35:00,2026-01-14 02:37:00
T0627,HWH,2026-01-14 02:50:00,2026-01-14 02:52:00
T0628,HWH,2026-01-14 00:05:00,2026-01-14 00:07:00
T0628,BLY,2026-01-14 00:20:00,2026-01-14 00:22:00
T0628,SRP,2026-01-14 00:45:00,2026-01-14 00:47:00
T0628,CGR,2026-01-14 01:10:00,2026-01-14 01:12:00
T0628,CNS,2026-01-14 01:15:00,2026-01-14 01:17:00
T0628,BDC,2026-01-14 01:25:00,2026-01-14 01:27:00
T0629,BDC,2026-01-14 01:30:00,2026-01-14 01:32:00
T0629,CNS,2026-01-14 01:40:00,2026-01-14 01:42:00
T0629,CGR,2026-01-14 01:45:00,2026-01-14 01:47:00
T0629,SRP,2026-01-14 02:10:00,2026-01-14 02:12:00
T0629,BLY,2026-01-14 02:35:00,2026-01-14 02:37:00
T0629,HWH,2026-01-14 02:50:00,2026-01-14 02:52:00
T0630,HWH,2026-01-14 00:05:00,2026-01-14 00:07:00
T0630,SRP,2026-01-14 00:10:00,2026-01-14 00:12:00
T0630,CGR,2026-01-14 00:20:00,2026-01-14 00:22:00
T0630,CNS,2026-01-14 00:25:00,2026-01-14 00:27:00
T0630,BDC,2026-01-14 00:30:00,2026-01-14 00:32:00
T0631,BDC,2026-01-14 01:30:00,2026-01-14 01:32:00
T0631,CNS,2026-01-14 01:40:00,2026-01-14 01:42:00
T0631,CGR,2026-01-14 01:45:00,2026-01-14 01:47:00
T0631,SRP,2026-01-14 02:10:00,2026-01-14 02:12:00
T0631,BLY,2026-01-14 02:35:00,2026-01-14 02:37:00
T0631,HWH,2026-01-14 02:50:00,2026-01-14 02:52:00
T0632,HWH,2026-01-14 00:05:00,2026-01-14 00:07:00
T0632,SRP,2026-01-14 00:10:00,2026-01-14 00:12:00
T0632,CGR,2026-01-14 00:35:00,2026-01-14 00:37:00
T0632,CNS,2026-01-14 00:40:00,2026-01-14 00:42:00
T0632,BDC,2026-01-14 00:50:00,2026-01-14 00:52:00
T0633,BDC,2026-01-14 01:30:00,2026-01-14 01:32:00
T0633,CNS,2026-01-14 01:40:00,2026-01-14 01:42:00
T0633,CGR,2026-01-14 01:45:00,2026-01-14 01:47:00
T0633,SRP,2026-01-14 02:10:00,2026-01-14 02:12:00
T0633,BLY,2026-01-14 02:35:00,2026-01-14 02:37:00
T0633,HWH,2026-01-14 02:50:00,2026-01-14 02:52:00
T0634,HWH,2026-01-14 00:05:00,2026-01-14 00:07:00
T0634,SRP,2026-01-14 00:20:00,2026-01-14 00:22:00
T0634,CGR,2026-01-14 00:45:00,2026-01-14 00:47:00
T0634,CNS,2026-01-14 00:50:00,2026-01-14 00:52:00
T0634,BDC,2026-01-14 01:00:00,2026-01-14 01:02:00
T0635,BDC,2026-01-14 01:30:00,2026-01-14 01:32:00
T0635,CNS,2026-01-14 01:40:00,2026-01-14 01:42:00
T0635,CGR,2026-01-14 01:45:00,2026-01-14 01:47:00
T0635,SRP,2026-01-14 02:10:00,2026-01-14 02:12:00
T0635,BLY,2026-01-14 02:35:00,2026-01-14 02:37:00
T0635,HWH,2026-01-14 02:50:00,2026-01-14 02:52:00
T0636,HWH,2026-01-14 00:05:00,2026-01-14 00:07:00
T0636,CGR,2026-01-14 00:15:00,2026-01-14 00:17:00
T0636,CNS,2026-01-14 00:20:00,2026-01-14 00:22:00
T0636,BDC,2026-01-14 00:25:00,2026-01-14 00:27:00
T0637,BDC,2026-01-14 01:30:00,2026-01-14 01:32:00
T0637,CNS,2026-01-14 01:40:00,2026-01-14 01:42:00
T0637,CGR,2026-01-14 01:45:00,2026-01-14 01:47:00
T0637,SRP,2026-01-14 02:10:00,2026-01-14 02:12:00
T0637,BLY,2026-01-14 02:35:00,2026-01-14 02:37:00
T0637,HWH,2026-01-14 02:50:00,2026-01-14 02:52:00
T0638,HWH,2026-01-14 00:05:00,2026-01-14 00:07:00
T0638,BDC,2026-01-14 00:10:00,2026-01-14 00:12:00
T0639,BDC,2026-01-14 01:25:00,2026-01-14 01:27:00
T0639,CNS,2026-01-14 01:30:00,2026-01-14 01:32:00
T0639,CGR,2026-01-14 01:35:00,2026-01-14 01:37:00
T0639,SRP,2026-01-14 01:45:00,2026-01-14 01:47:00
T0639,HWH,2026-01-14 01:50:00,2026-01-14 01:52:00
T0640,HWH,2026-01-14 00:05:00,2026-01-14 00:07:00
T0640,BLY,2026-01-14 00:10:00,2026-01-14 00:12:00
T0640,SRP,2026-01-14 00:25:00,2026-01-14 00:27:00
T0640,CGR,2026-01-14 00:50:00,2026-01-14 00:52:00
T0640,CNS,2026-01-14 00:55:00,2026-01-14 00:57:00
T0640,BDC,2026-01-14 01:05:00,2026-01-14 01:07:00
T0641,BDC,2026-01-14 01:25:00,2026-01-14 01:27:00
T0641,CNS,2026-01-14 01:35:00,2026-01-14 01:37:00
T0641,CGR,2026-01-14 01:40:00,2026-01-14 01:42:00
T0641,SRP,2026-01-14 02:05:00,2026-01-14 02:07:00
T0641,BLY,2026-01-14 02:30:00,2026-01-14 02:32:00
T0641,HWH,2026-01-14 02:45:00,2026-01-14 02:47:00
T0642,HWH,2026-01-14 00:05:00,2026-01-14 00:07:00
T0642,SRP,2026-01-14 00:10:00,2026-01-14 00:12:00
T0642,CGR,2026-01-14 00:35:00,2026-01-14 00:37:00
T0642,CNS,2026-01-14 00:40:00,2026-01-14 00:42:00
T0642,BDC,2026-01-14 00:50:00,2026-01-14 00:52:00
T0643,BDC,2026-01-14 01:30:00,2026-01-14 01:32:00
T0643,CNS,2026-01-14 01:40:00,2026-01-14 01:42:00
T0643,CGR,2026-01-14 01:45:00,2026-01-14 01:47:00
T0643,SRP,2026-01-14 02:10:00,2026-01-14 02:12:00
T0643,BLY,2026-01-14 02:35:00,2026-01-14 02:37:00
T0643,HWH,2026-01-14 02:50:00,2026-01-14 02:52:00
T0644,HWH,2026-01-14 00:05:00,2026-01-14 00:07:00
T0644,SRP,2026-01-14 00:10:00,2026-01-14 00:12:00
T0644,CGR,2026-01-14 00:20:00,2026-01-14 00:22:00
T0644,CNS,2026-01-14 00:25:00,2026-01-14 00:27:00
T0644,BDC,2026-01-14 00:30:00,2026-01-14 00:32:00
T0645,BDC,2026-01-14 01:30:00,2026-01-14 01:32:00
T0645,CNS,2026-01-14 01:40:00,2026-01-14 01:42:00
T0645,CGR,2026-01-14 01:45:00,2026-01-14 01:47:00
T0645,SRP,2026-01-14 02:10:00,2026-01-14 02:12:00
T0645,BLY,2026-01-14 02:35:00,2026-01-14 02:37:00
T0645,HWH,2026-01-14 02:50:00,2026-01-14 02:52:00
T0646,HWH,2026-01-14 00:05:00,2026-01-14 00:07:00
T0646,BLY,2026-01-14 00:20:00,2026-01-14 00:22:00
T0646,SRP,2026-01-14 00:45:00,2026-01-14 00:47:00
T0646,CGR,2026-01-14 01:10:00,2026-01-14 01:12:00
T0646,CNS,2026-01-14 01:15:00,2026-01-14 01:17:00
T0646,BDC,2026-01-14 01:25:00,2026-01-14 01:27:00
T0647,BDC,2026-01-14 01:30:00,2026-01-14 01:32:00
T0647,CNS,2026-01-14 01:40:00,2026-01-14 01:42:00
T0647,CGR,2026-01-14 01:45:00,2026-01-14 01:47:00
T0647,SRP,2026-01-14 02:10:00,2026-01-14 02:12:00
T0647,BLY,2026-01-14 02:35:00,2026-01-14 02:37:00
T0647,HWH,2026-01-14 02:50:00,2026-01-14 02:52:00
T0648,HWH,2026-01-14 00:05:00,2026-01-14 00:07:00
T0648,SRP,2026-01-14 00:25:00,2026-01-14 00:27:00
T0648,CGR,2026-01-14 00:50:00,2026-01-14 00:52:00
T0648,CNS,2026-01-14 00:55:00,2026-01-14 00:57:00
T0648,BDC,2026-01-14 01:05:00,2026-01-14 01:07:00
T0649,BDC,2026-01-14 01:30:00,2026-01-14 01:32:00
T0649,CNS,2026-01-14 01:40:00,2026-01-14 01:42:00
T0649,CGR,2026-01-14 01:45:00,2026-01-14 01:47:00
T0649,SRP,2026-01-14 02:10:00,2026-01-14 02:12:00
T0649,BLY,2026-01-14 02:35:00,2026-01-14 02:37:00
T0649,HWH,2026-01-14 02:50:00,2026-01-14 02:52:00
T0650,HWH,2026-01-14 00:05:00,2026-01-14 00:07:00
T0650,BLY,2026-01-14 00:20:00,2026-01-14 00:22:00
T0650,SRP,2026-01-14 00:45:00,2026-01-14 00:47:00
T0650,CGR,2026-01-14 01:10:00,2026-01-14 01:12:00
T0650,CNS,2026-01-14 01:15:00,2026-01-14 01:17:00
T0650,BDC,2026-01-14 01:25:00,2026-01-14 01:27:00
T0651,HWH,2026-01-14 00:05:00,2026-01-14 00:07:00
T0651,BLY,2026-01-14 00:20:00,2026-01-14 00:22:00
T0651,SRP,2026-01-14 00:45:00,2026-01-14 00:47:00
T0651,CGR,2026-01-14 01:10:00,2026-01-14 01:12:00
T0651,CNS,2026-01-14 01:15:00,2026-01-14 01:17:00
T0651,BDC,2026-01-14 01:25:00,2026-01-14 01:27:00
T0652,HWH,2026-01-14 00:05:00,2026-01-14 00:07:00
T0652,BLY,2026-01-14 00:20:00,2026-01-14 00:22:00
T0652,SRP,2026-01-14 00:45:00,2026-01-14 00:47:00
T0652,CGR,2026-01-14 01:10:00,2026-01-14 01:12:00
T0652,CNS,2026-01-14 01:15:00,2026-01-14 01:17:00
T0652,BDC,2026-01-14 01:25:00,2026-01-14 01:27:00
T0653,BDC,2026-01-14 02:05:00,2026-01-14 02:07:00
T0653,CNS,2026-01-14 02:15:00,2026-01-14 02:17:00
T0653,CGR,2026-01-14 02:20:00,2026-01-14 02:22:00
T0653,SRP,2026-01-14 02:45:00,2026-01-14 02:47:00
T0653,BLY,2026-01-14 03:10:00,2026-01-14 03:12:00
T0653,HWH,2026-01-14 03:25:00,2026-01-14 03:27:00
T0654,HWH,2026-01-14 00:05:00,2026-01-14 00:07:00
T0654,BLY,2026-01-14 00:20:00,2026-01-14 00:22:00
T0654,SRP,2026-01-14 00:45:00,2026-01-14 00:47:00
T0654,CGR,2026-01-14 01:10:00,2026-01-14 01:12:00
T0654,CNS,2026-01-14 01:15:00,2026-01-14 01:17:00
T0654,BDC,2026-01-14 01:25:00,2026-01-14 01:27:00
T0655,BDC,2026-01-14 02:10:00,2026-01-14 02:12:00
T0655,CNS,2026-01-14 02:15:00,2026-01-14 02:17:00
T0655,CGR,2026-01-14 02:20:00,2026-01-14 02:22:00
T0655,HWH,2026-01-14 02:25:00,2026-01-14 02:27:00
T0656,HWH,2026-01-14 00:05:00,2026-01-14 00:07:00
T0656,BDC,2026-01-14 00:15:00,2026-01-14 00:17:00
T0657,BDC,2026-01-14 02:20:00,2026-01-14 02:22:00
T0657,CNS,2026-01-14 02:25:00,2026-01-14 02:27:00
T0657,CGR,2026-01-14 02:30:00,2026-01-14 02:32:00
T0657,HWH,2026-01-14 02:35:00,2026-01-14 02:37:00
T0658,HWH,2026-01-14 00:05:00,2026-01-14 00:07:00
T0658,BLY,2026-01-14 00:20:00,2026-01-14 00:22:00
T0658,SRP,2026-01-14 00:45:00,2026-01-14 00:47:00
T0658,CGR,2026-01-14 01:10:00,2026-01-14 01:12:00
T0658,CNS,2026-01-14 01:15:00,2026-01-14 01:17:00
T0658,BDC,2026-01-14 01:25:00,2026-01-14 01:27:00
T0659,BDC,2026-01-14 02:20:00,2026-01-14 02:22:00
T0659,CNS,2026-01-14 02:30:00,2026-01-14 02:32:00
T0659,CGR,2026-01-14 02:35:00,2026-01-14 02:37:00
T0659,SRP,2026-01-14 03:00:00,2026-01-14 03:02:00
T0659,BLY,2026-01-14 03:25:00,2026-01-14 03:27:00
T0659,HWH,2026-01-14 03:40:00,2026-01-14 03:42:00
T0660,HWH,2026-01-14 00:05:00,2026-01-14 00:07:00
T0660,SRP,2026-01-14 00:10:00,2026-01-14 00:12:00
T0660,CGR,2026-01-14 00:20:00,2026-01-14 00:22:00
T0660,CNS,2026-01-14 00:25:00,2026-01-14 00:27:00
T0660,BDC,2026-01-14 00:30:00,2026-01-14 00:32:00
T0661,BDC,2026-01-14 02:15:00,2026-01-14 02:17:00
T0661,CNS,2026-01-14 02:20:00,2026-01-14 02:22:00
T0661,CGR,2026-01-14 02:25:00,2026-01-14 02:27:00
T0661,HWH,2026-01-14 02:30:00,2026-01-14 02:32:00
T0662,HWH,2026-01-14 00:05:00,2026-01-14 00:07:00
T0662,BLY,2026-01-14 00:10:00,2026-01-14 00:12:00
T0662,SRP,2026-01-14 00:20:00,2026-01-14 00:22:00
T0662,CGR,2026-01-14 00:45:00,2026-01-14 00:47:00
T0662,CNS,2026-01-14 00:50:00,2026-01-14 00:52:00
T0662,BDC,2026-01-14 01:00:00,2026-01-14 01:02:00
T0663,BDC,2026-01-14 02:20:00,2026-01-14 02:22:00
T0663,CNS,2026-01-14 02:30:00,2026-01-14 02:32:00
T0663,CGR,2026-01-14 02:35:00,2026-01-14 02:37:00
T0663,SRP,2026-01-14 03:00:00,2026-01-14 03:02:00
T0663,BLY,2026-01-14 03:25:00,2026-01-14 03:27:00
T0663,HWH,2026-01-14 03:40:00,2026-01-14 03:42:00
T0664,HWH,2026-01-14 00:05:00,2026-01-14 00:07:00
T0664,SRP,2026-01-14 00:10:00,2026-01-14 00:12:00
T0664,CGR,2026-01-14 00:15:00,2026-01-14 00:17:00
T0664,CNS,2026-01-14 00:20:00,2026-01-14 00:22:00
T0664,BDC,2026-01-14 00:25:00,2026-01-14 00:27:00
T0665,BDC,2026-01-14 02:20:00,2026-01-14 02:22:00
T0665,HWH,2026-01-14 02:30:00,2026-01-14 02:32:00
T0666,HWH,2026-01-14 00:05:00,2026-01-14 00:07:00
T0666,CGR,2026-01-14 00:10:00,2026-01-14 00:12:00
T0666,CNS,2026-01-14 00:15:00,2026-01-14 00:17:00
T0666,BDC,2026-01-14 00:20:00,2026-01-14 00:22:00
T0667,BDC,2026-01-14 02:20:00,2026-01-14 02:22:00
T0667,CNS,2026-01-14 02:30:00,2026-01-14 02:32:00
T0667,CGR,2026-01-14 02:35:00,2026-01-14 02:37:00
T0667,SRP,2026-01-14 03:00:00,2026-01-14 03:02:00
T0667,BLY,2026-01-14 03:25:00,2026-01-14 03:27:00
T0667,HWH,2026-01-14 03:40:00,2026-01-14 03:42:00
T0668,HWH,2026-01-14 00:05:00,2026-01-14 00:07:00
T0668,BLY,2026-01-14 00:20:00,2026-01-14 00:22:00
T0668,SRP,2026-01-14 00:45:00,2026-01-14 00:47:00
T0668,CGR,2026-01-14 01:10:00,2026-01-14 01:12:00
T0668,CNS,2026-01-14 01:15:00,2026-01-14 01:17:00
T0668,BDC,2026-01-14 01:25:00,2026-01-14 01:27:00
T0669,BDC,2026-01-14 02:00:00,2026-01-14 02:02:00
T0669,CNS,2026-01-14 02:10:00,2026-01-14 02:12:00
T0669,CGR,2026-01-14 02:15:00,2026-01-14 02:17:00
T0669,SRP,2026-01-14 02:40:00,2026-01-14 02:42:00
T0669,BLY,2026-01-14 03:05:00,2026-01-14 03:07:00
T0669,HWH,2026-01-14 03:20:00,2026-01-14 03:22:00
T0670,HWH,2026-01-14 00:05:00,2026-01-14 00:07:00
T0671,HWH,2026-01-14 02:10:00,2026-01-14 02:12:00
T0672,HWH,2026-01-14 00:05:00,2026-01-14 00:07:00
T0673,HWH,2026-01-14 01:40:00,2026-01-14 01:42:00
T0674,HWH,2026-01-14 00:05:00,2026-01-14 00:07:00
T0675,HWH,2026-01-14 02:10:00,2026-01-14 02:12:00
T0676,HWH,2026-01-14 00:05:00,2026-01-14 00:07:00
T0677,HWH,2026-01-14 01:05:00,2026-01-14 01:07:00
T0678,HWH,2026-01-14 00:05:00,2026-01-14 00:07:00
T0679,HWH,2026-01-14 01:05:00,2026-01-14 01:07:00
T0680,HWH,2026-01-14 01:05:00,2026-01-14 01:07:00
T0681,HWH,2026-01-14 01:20:00,2026-01-14 01:22:00
T0682,HWH,2026-01-14 01:20:00,2026-01-14 01:22:00
T0683,HWH,2026-01-14 01:40:00,2026-01-14 01:42:00
T0684,HWH,2026-01-14 00:05:00,2026-01-14 00:07:00
T0685,HWH,2026-01-14 01:40:00,2026-01-14 01:42:00
T0686,HWH,2026-01-14 01:40:00,2026-01-14 01:42:00
T0687,HWH,2026-01-14 00:05:00,2026-01-14 00:07:00
T0688,HWH,2026-01-14 01:40:00,2026-01-14 01:42:00
T0689,HWH,2026-01-14 01:40:00,2026-01-14 01:42:00
T0690,HWH,2026-01-14 01:40:00,2026-01-14 01:42:00
T0691,HWH,2026-01-14 01:40:00,2026-01-14 01:42:00
T0692,HWH,2026-01-14 00:05:00,2026-01-14 00:07:00
T0693,HWH,2026-01-14 00:05:00,2026-01-14 00:07:00
T0694,HWH,2026-01-14 02:00:00,2026-01-14 02:02:00
T0695,HWH,2026-01-14 00:05:00,2026-01-14 00:07:00
T0696,HWH,2026-01-14 02:00:00,2026-01-14 02:02:00
T0697,HWH,2026-01-14 00:05:00,2026-01-14 00:07:00
T0698,HWH,2026-01-14 02:00:00,2026-01-14 02:02:00
T0699,HWH,2026-01-14 02:00:00,2026-01-14 02:02:00
T0700,HWH,2026-01-14 00:05:00,2026-01-14 00:07:00
T0701,HWH,2026-01-14 02:00:00,2026-01-14 02:02:00
T0702,HWH,2026-01-14 00:05:00,2026-01-14 00:07:00
T0703,HWH,2026-01-14 02:00:00,2026-01-14 02:02:00
T0704,HWH,2026-01-14 00:05:00,2026-01-14 00:07:00
T0705,HWH,2026-01-14 02:00:00,2026-01-14 02:02:00
T0706,HWH,2026-01-14 02:00:00,2026-01-14 02:02:00
T0707,HWH,2026-01-14 00:05:00,2026-01-14 00:07:00
T0708,HWH,2026-01-14 00:05:00,2026-01-14 00:07:00
T0709,HWH,2026-01-14 00:05:00,2026-01-14 00:07:00
T0710,HWH,2026-01-14 00:05:00,2026-01-14 00:07:00
T0711,HWH,2026-01-14 00:05:00,2026-01-14 00:07:00
T0712,HWH,2026-01-14 00:05:00,2026-01-14 00:07:00
T0713,HWH,2026-01-14 00:05:00,2026-01-14 00:07:00
T0714,HWH,2026-01-14 00:05:00,2026-01-14 00:07:00
T0715,HWH,2026-01-14 00:05:00,2026-01-14 00:07:00
T0716,HWH,2026-01-14 00:05:00,2026-01-14 00:07:00
T0717,HWH,2026-01-14 00:05:00,2026-01-14 00:07:00
T0718,HWH,2026-01-14 02:00:00,2026-01-14 02:02:00
T0719,HWH,2026-01-14 00:05:00,2026-01-14 00:07:00
T0720,HWH,2026-01-14 02:00:00,2026-01-14 02:02:00
T0721,HWH,2026-01-14 00:05:00,2026-01-14 00:07:00
T0722,HWH,2026-01-14 02:00:00,2026-01-14 02:02:00
T0723,HWH,2026-01-14 00:05:00,2026-01-14 00:07:00
T0724,HWH,2026-01-14 02:25:00,2026-01-14 02:27:00
T0725,HWH,2026-01-14 00:05:00,2026-01-14 00:07:00
T0726,HWH,2026-01-14 01:35:00,2026-01-14 01:37:00
T0727,HWH,2026-01-14 00:05:00,2026-01-14 00:07:00
T0728,HWH,2026-01-14 02:45:00,2026-01-14 02:47:00
T0729,HWH,2026-01-14 00:05:00,2026-01-14 00:07:00
T0730,HWH,2026-01-14 02:45:00,2026-01-14 02:47:00
T0731,HWH,2026-01-14 00:05:00,2026-01-14 00:07:00
T0732,HWH,2026-01-14 02:40:00,2026-01-14 02:42:00
T0733,HWH,2026-01-14 00:05:00,2026-01-14 00:07:00
T0734,HWH,2026-01-14 02:45:00,2026-01-14 02:47:00
T0735,HWH,2026-01-14 02:45:00,2026-01-14 02:47:00
T0736,HWH,2026-01-14 00:05:00,2026-01-14 00:07:00
T0737,HWH,2026-01-14 00:05:00,2026-01-14 00:07:00
T0738,HWH,2026-01-14 00:05:00,2026-01-14 00:07:00
T0739,HWH,2026-01-14 02:45:00,2026-01-14 02:47:00
T0740,HWH,2026-01-14 02:35:00,2026-01-14 02:37:00
T0741,HWH,2026-01-14 02:15:00,2026-01-14 02:17:00
T0742,HWH,2026-01-14 00:05:00,2026-01-14 00:07:00
T0743,HWH,2026-01-14 03:00:00,2026-01-14 03:02:00
T0744,HWH,2026-01-14 00:05:00,2026-01-14 00:07:00
T0745,HWH,2026-01-14 02:50:00,2026-01-14 02:52:00
T0746,HWH,2026-01-14 00:05:00,2026-01-14 00:07:00
T0747,HWH,2026-01-14 01:10:00,2026-01-14 01:12:00
T0748,HWH,2026-01-14 00:05:00,2026-01-14 00:07:00
T0749,HWH,2026-01-14 02:10:00,2026-01-14 02:12:00
T0750,HWH,2026-01-14 00:05:00,2026-01-14 00:07:00
T0751,HWH,2026-01-14 03:00:00,2026-01-14 03:02:00
T0752,HWH,2026-01-14 00:05:00,2026-01-14 00:07:00
T0753,HWH,2026-01-14 03:00:00,2026-01-14 03:02:00
T0754,HWH,2026-01-14 00:05:00,2026-01-14 00:07:00
T0755,HWH,2026-01-14 03:00:00,2026-01-14 03:02:00
T0756,HWH,2026-01-14 00:05:00,2026-01-14 00:07:00
T0757,HWH,2026-01-14 02:45:00,2026-01-14 02:47:00
T0758,HWH,2026-01-14 00:05:00,2026-01-14 00:07:00
T0759,HWH,2026-01-14 03:00:00,2026-01-14 03:02:00
T0760,HWH,2026-01-14 00:05:00,2026-01-14 00:07:00
T0761,HWH,2026-01-14 03:00:00,2026-01-14 03:02:00
T0762,HWH,2026-01-14 00:05:00,2026-01-14 00:07:00
T0763,HWH,2026-01-14 02:45:00,2026-01-14 02:47:00
T0764,HWH,2026-01-14 00:05:00,2026-01-14 00:07:00
T0765,HWH,2026-01-14 02:25:00,2026-01-14 02:27:00
T0766,HWH,2026-01-14 00:05:00,2026-01-14 00:07:00
T0767,HWH,2026-01-14 03:00:00,2026-01-14 03:02:00
T0768,HWH,2026-01-14 00:05:00,2026-01-14 00:07:00
T0769,HWH,2026-01-14 03:00:00,2026-01-14 03:02:00
T0770,HWH,2026-01-14 00:05:00,2026-01-14 00:07:00
T0771,HWH,2026-01-14 03:00:00,2026-01-14 03:02:00
T0772,HWH,2026-01-14 00:05:00,2026-01-14 00:07:00
T0773,HWH,2026-01-14 00:05:00,2026-01-14 00:07:00
T0774,HWH,2026-01-14 01:45:00,2026-01-14 01:47:00
T0775,HWH,2026-01-14 00:05:00,2026-01-14 00:07:00
T0776,HWH,2026-01-14 00:05:00,2026-01-14 00:07:00
T0777,HWH,2026-01-14 01:45:00,2026-01-14 01:47:00
T0778,HWH,2026-01-14 00:05:00,2026-01-14 00:07:00
T0778,SRP,2026-01-14 00:10:00,2026-01-14 00:12:00
T0778,CGR,2026-01-14 00:20:00,2026-01-14 00:22:00
T0778,CNS,2026-01-14 00:25:00,2026-01-14 00:27:00
T0778,BDC,2026-01-14 00:30:00,2026-01-14 00:32:00
T0779,BDC,2026-01-14 02:30:00,2026-01-14 02:32:00
T0779,CNS,2026-01-14 02:35:00,2026-01-14 02:37:00
T0779,CGR,2026-01-14 02:40:00,2026-01-14 02:42:00
T0779,SRP,2026-01-14 02:50:00,2026-01-14 02:52:00
T0779,BLY,2026-01-14 02:55:00,2026-01-14 02:57:00
T0779,HWH,2026-01-14 03:00:00,2026-01-14 03:02:00
T0780,HWH,2026-01-14 00:05:00,2026-01-14 00:07:00
T0780,SRP,2026-01-14 00:10:00,2026-01-14 00:12:00
T0780,CGR,2026-01-14 00:20:00,2026-01-14 00:22:00
T0780,CNS,2026-01-14 00:25:00,2026-01-14 00:27:00
T0780,BDC,2026-01-14 00:30:00,2026-01-14 00:32:00
T0781,BDC,2026-01-14 08:30:00,2026-01-14 08:32:00
T0781,CNS,2026-01-14 08:35:00,2026-01-14 08:37:00
T0781,CGR,2026-01-14 08:40:00,2026-01-14 08:42:00
T0781,SRP,2026-01-14 08:50:00,2026-01-14 08:52:00
T0781,HWH,2026-01-14 08:55:00,2026-01-14 08:57:00
T0782,HWH,2026-01-14 00:05:00,2026-01-14 00:07:00
T0782,SRP,2026-01-14 00:10:00,2026-01-14 00:12:00
T0782,CGR,2026-01-14 00:20:00,2026-01-14 00:22:00
T0782,CNS,2026-01-14 00:25:00,2026-01-14 00:27:00
T0782,BDC,2026-01-14 00:30:00,2026-01-14 00:32:00
T0783,BDC,2026-01-14 05:40:00,2026-01-14 05:42:00
T0783,CNS,2026-01-14 05:45:00,2026-01-14 05:47:00
T0783,CGR,2026-01-14 05:50:00,2026-01-14 05:52:00
T0783,SRP,2026-01-14 06:00:00,2026-01-14 06:02:00
T0783,HWH,2026-01-14 06:05:00,2026-01-14 06:07:00
T0784,HWH,2026-01-14 00:05:00,2026-01-14 00:07:00
T0784,BDC,2026-01-14 00:15:00,2026-01-14 00:17:00
T0785,BDC,2026-01-14 01:35:00,2026-01-14 01:37:00
T0785,HWH,2026-01-14 01:40:00,2026-01-14 01:42:00
T0786,HWH,2026-01-14 00:05:00,2026-01-14 00:07:00
T0786,CGR,2026-01-14 00:10:00,2026-01-14 00:12:00
T0786,CNS,2026-01-14 00:15:00,2026-01-14 00:17:00
T0786,BDC,2026-01-14 00:20:00,2026-01-14 00:22:00
T0787,BDC,2026-01-14 01:40:00,2026-01-14 01:42:00
T0787,CNS,2026-01-14 01:45:00,2026-01-14 01:47:00
T0787,CGR,2026-01-14 01:50:00,2026-01-14 01:52:00
T0787,HWH,2026-01-14 01:55:00,2026-01-14 01:57:00
T0788,HWH,2026-01-14 00:05:00,2026-01-14 00:07:00
T0788,SRP,2026-01-14 00:10:00,2026-01-14 00:12:00
T0788,CGR,2026-01-14 00:20:00,2026-01-14 00:22:00
T0788,CNS,2026-01-14 00:25:00,2026-01-14 00:27:00
T0788,BDC,2026-01-14 00:30:00,2026-01-14 00:32:00
T0789,BDC,2026-01-14 03:40:00,2026-01-14 03:42:00
T0789,CNS,2026-01-14 03:45:00,2026-01-14 03:47:00
T0789,CGR,2026-01-14 03:50:00,2026-01-14 03:52:00
T0789,SRP,2026-01-14 04:00:00,2026-01-14 04:02:00
T0789,BLY,2026-01-14 04:05:00,2026-01-14 04:07:00
T0789,HWH,2026-01-14 04:10:00,2026-01-14 04:12:00
T0790,BDC,2026-01-14 01:00:00,2026-01-14 01:02:00
T0791,BDC,2026-01-14 05:00:00,2026-01-14 05:02:00
T0792,BDC,2026-01-14 00:20:00,2026-01-14 00:22:00
T0793,BDC,2026-01-14 01:15:00,2026-01-14 01:17:00
T0794,HWH,2026-01-14 00:05:00,2026-01-14 00:07:00
T0795,HWH,2026-01-14 00:05:00,2026-01-14 00:07:00
T0796,HWH,2026-01-14 03:15:00,2026-01-14 03:17:00
T0797,HWH,2026-01-14 00:05:00,2026-01-14 00:07:00
T0798,HWH,2026-01-14 03:45:00,2026-01-14 03:47:00
T0799,HWH,2026-01-14 00:05:00,2026-01-14 00:07:00
T0800,HWH,2026-01-14 02:20:00,2026-01-14 02:22:00
T0801,BDC,2026-01-14 00:35:00,2026-01-14 00:37:00
T0802,BDC,2026-01-14 02:00:00,2026-01-14 02:02:00
T0803,HWH,2026-01-14 00:05:00,2026-01-14 00:07:00
T0803,BDC,2026-01-14 00:10:00,2026-01-14 00:12:00
T0804,BDC,2026-01-14 01:30:00,2026-01-14 01:32:00
T0804,CNS,2026-01-14 01:40:00,2026-01-14 01:42:00
T0804,CGR,2026-01-14 01:45:00,2026-01-14 01:47:00
T0804,SRP,2026-01-14 02:10:00,2026-01-14 02:12:00
T0804,BLY,2026-01-14 02:35:00,2026-01-14 02:37:00
T0804,HWH,2026-01-14 02:50:00,2026-01-14 02:52:00
T0805,HWH,2026-01-14 00:05:00,2026-01-14 00:07:00
T0806,HWH,2026-01-14 01:55:00,2026-01-14 01:57:00
T0807,HWH,2026-01-14 00:05:00,2026-01-14 00:07:00
T0808,BDC,2026-01-14 00:25:00,2026-01-14 00:27:00
T0809,BDC,2026-01-14 03:40:00,2026-01-14 03:42:00
T0810,HWH,2026-01-14 01:20:00,2026-01-14 01:22:00
T0811,HWH,2026-01-14 00:05:00,2026-01-14 00:07:00
T0812,HWH,2026-01-14 01:10:00,2026-01-14 01:12:00
