train_no,from_station,to_station,entry_ts,exit_ts,travel_time_min,delay_minutes
T0144,HWH,BDC,2026-01-14 00:07:17.180662083,2026-01-14 00:13:16.091984466,5.98,0.27
T0145,HWH,BDC,2026-01-14 09:02:04.059123598,2026-01-14 09:10:53.573143666,8.83,1.69
T0146,HWH,SRP,2026-01-14 00:07:33.528942375,2026-01-14 00:15:50.536852194,8.28,0.04
T0146,SRP,CGR,2026-01-14 00:16:20.536852194,2026-01-14 00:23:22.878044208,7.04,0.26
T0146,CGR,BDC,2026-01-14 00:23:52.878044208,2026-01-14 00:34:19.865325652,10.45,1.91
T0147,HWH,SRP,2026-01-14 06:32:13.145306502,2026-01-14 06:40:55.513481327,8.71,0.13
T0147,SRP,CGR,2026-01-14 06:41:25.513481327,2026-01-14 06:48:39.469061254,7.23,0.54
T0147,CGR,BDC,2026-01-14 06:49:09.469061254,2026-01-14 07:00:48.913775165,11.66,3.4
T0148,HWH,BDC,2026-01-14 00:07:13.302951050,2026-01-14 00:16:41.527440494,9.47,0.89
T0149,HWH,BDC,2026-01-14 01:34:34.859863633,2026-01-14 01:39:41.303982612,5.11,0.49
T0150,HWH,BDC,2026-01-14 00:09:20.696884277,2026-01-14 00:15:01.520462320,5.68,0.83
T0151,HWH,BDC,2026-01-14 00:27:48.024179891,2026-01-14 00:33:48.184215702,6.0,0.8
T0152,HWH,BDC,2026-01-14 00:08:22.877606994,2026-01-14 00:14:22.219949151,5.99,0.17
T0153,HWH,BDC,2026-01-14 01:18:26.574950123,2026-01-14 01:26:06.566894096,7.67,0.31
T0154,HWH,SRP,2026-01-14 00:07:09.908741117,2026-01-14 00:15:49.998228470,8.67,0.03
T0154,SRP,BDC,2026-01-14 00:16:19.998228470,2026-01-14 00:25:48.901363420,9.48,0.72
T0155,HWH,BDC,2026-01-14 05:24:02.239987300,2026-01-14 05:29:13.806510336,5.19,0.03
T0156,HWH,SRP,2026-01-14 00:07:34.446268058,2026-01-14 00:16:00.327559058,8.43,0.21
T0156,SRP,CGR,2026-01-14 00:16:30.327559058,2026-01-14 00:23:56.933968394,7.44,0.83
T0156,CGR,BDC,2026-01-14 00:24:26.933968394,2026-01-14 00:32:34.397002681,8.12,0.15
T0157,HWH,SRP,2026-01-14 03:32:56.362201323,2026-01-14 03:41:11.470017647,8.25,0.39
T0157,SRP,CGR,2026-01-14 03:41:41.470017647,2026-01-14 03:50:19.696503254,8.64,2.21
T0157,CGR,BDC,2026-01-14 03:50:49.696503254,2026-01-14 03:57:32.301331845,6.71,0.12
T0158,HWH,BDC,2026-01-14 00:07:45.050302871,2026-01-14 00:14:25.007982783,6.67,0.22
T0159,HWH,BDC,2026-01-14 02:51:39.308562892,2026-01-14 02:57:58.620040373,6.32,3.78
T0160,HWH,BDC,2026-01-14 00:07:14.319713762,2026-01-14 00:16:39.780611474,9.42,0.86
T0161,HWH,BDC,2026-01-14 00:58:21.575235486,2026-01-14 01:06:26.886353312,8.09,0.65
T0162,HWH,CNS,2026-01-14 00:07:36.205411689,2026-01-14 00:16:01.290098181,8.42,0.22
T0162,CNS,BDC,2026-01-14 00:16:31.290098181,2026-01-14 00:28:28.690854742,11.96,0.08
T0163,HWH,CNS,2026-01-14 03:48:49.205914809,2026-01-14 03:54:50.725172527,6.03,1.85
T0163,CNS,BDC,2026-01-14 03:55:20.725172527,2026-01-14 04:02:33.128156135,7.21,0.8
T0164,HWH,BDC,2026-01-14 00:07:19.874232470,2026-01-14 00:13:20.619245558,6.01,0.34
T0165,HWH,BDC,2026-01-14 01:38:02.134340626,2026-01-14 01:44:49.156672757,6.78,1.82
T0166,HWH,SRP,2026-01-14 00:10:55.562317494,2026-01-14 00:16:55.464716728,6.0,2.72
T0166,SRP,CGR,2026-01-14 00:17:40.464716728,2026-01-14 00:22:22.749554905,4.7,1.85
T0166,CGR,CNS,2026-01-14 00:23:07.749554905,2026-01-14 00:27:49.692306429,4.7,0.16
T0166,CNS,BDC,2026-01-14 00:28:34.692306429,2026-01-14 00:38:38.239775185,10.06,0.32
T0167,HWH,SRP,2026-01-14 08:53:49.835064008,2026-01-14 08:58:44.759709454,4.92,0.75
T0167,SRP,CGR,2026-01-14 08:59:14.759709454,2026-01-14 09:03:09.443501069,3.91,0.01
T0167,CGR,CNS,2026-01-14 09:03:39.443501069,2026-01-14 09:09:03.635851267,5.4,0.09
T0167,CNS,BDC,2026-01-14 09:09:33.635851267,2026-01-14 09:18:35.779794588,9.04,0.87
T0170,HWH,BDC,2026-01-14 00:07:38.193496614,2026-01-14 00:13:56.511133759,6.31,0.94
T0171,HWH,BDC,2026-01-14 01:02:50.661191142,2026-01-14 01:08:12.189593630,5.36,0.2
T0196,HWH,BDC,2026-01-14 00:07:49.774501742,2026-01-14 00:13:09.356811370,5.33,0.16
T0197,HWH,BDC,2026-01-14 01:19:15.411991069,2026-01-14 01:28:15.722995813,9.01,2.46
T0210,HWH,BDC,2026-01-14 00:42:08.914493582,2026-01-14 00:50:39.059375618,8.5,0.65
T0211,HWH,BDC,2026-01-14 01:39:12.062086598,2026-01-14 01:45:57.159628692,6.75,0.95
T0212,HWH,BDC,2026-01-14 00:07:40.517392148,2026-01-14 00:15:04.906953472,7.41,0.08
T0213,HWH,BDC,2026-01-14 00:57:45.817474344,2026-01-14 01:08:41.307347896,10.92,3.69
T0214,HWH,BDC,2026-01-14 00:42:07.244188158,2026-01-14 00:50:35.063775599,8.46,0.58
T0215,HWH,BDC,2026-01-14 00:58:40.733214619,2026-01-14 01:06:04.801643920,7.4,1.08
T0216,HWH,BDC,2026-01-14 00:07:57.315572414,2026-01-14 00:15:58.189802698,8.01,0.97
T0217,HWH,BDC,2026-01-14 04:42:21.383632431,2026-01-14 04:50:16.682980044,7.92,0.28
T0234,HWH,BDC,2026-01-14 00:07:30.077133512,2026-01-14 00:15:37.550140112,8.12,0.63
T0235,HWH,BDC,2026-01-14 00:52:16.206271695,2026-01-14 01:00:42.894361447,8.44,0.71
T0236,HWH,BDC,2026-01-14 00:07:01.486802980,2026-01-14 00:15:01.827047965,8.01,0.03
T0237,HWH,BDC,2026-01-14 01:23:23.008865737,2026-01-14 01:30:21.436081161,6.97,0.36
T0335,HWH,BLY,2026-01-14 00:07:25.539808999,2026-01-14 00:18:04.331707774,10.65,0.37
T0335,BLY,SRP,2026-01-14 00:18:34.331707774,2026-01-14 00:23:47.901816160,5.23,1.2
T0336,HWH,BLY,2026-01-14 00:47:20.003216204,2026-01-14 00:59:50.166620371,12.5,2.14
T0336,BLY,SRP,2026-01-14 01:00:20.166620371,2026-01-14 01:04:09.832279543,3.83,1.56
T0337,HWH,BLY,2026-01-14 00:07:26.897069253,2026-01-14 00:18:48.709666391,11.36,1.11
T0337,BLY,SRP,2026-01-14 00:19:18.709666391,2026-01-14 00:23:43.422383369,4.41,1.12
T0338,HWH,BLY,2026-01-14 00:47:05.224200902,2026-01-14 00:59:33.765392681,12.48,1.86
T0338,BLY,SRP,2026-01-14 01:00:03.765392681,2026-01-14 01:03:09.777959508,3.1,0.56
T0339,HWH,BLY,2026-01-14 00:08:24.063962761,2026-01-14 00:18:00.515300455,9.61,0.31
T0339,BLY,SRP,2026-01-14 00:18:30.515300455,2026-01-14 00:24:24.421944698,5.9,1.81
T0340,HWH,BLY,2026-01-14 00:47:23.663445794,2026-01-14 00:57:42.523046717,10.31,0.01
T0340,BLY,SRP,2026-01-14 00:58:12.523046717,2026-01-14 01:04:29.179550254,6.28,1.89
T0341,HWH,BLY,2026-01-14 00:07:04.594829306,2026-01-14 00:18:00.463374402,10.93,0.31
T0341,BLY,SRP,2026-01-14 00:18:30.463374402,2026-01-14 00:24:59.854674393,6.49,2.4
T0342,HWH,BLY,2026-01-14 00:49:24.381577924,2026-01-14 00:58:22.895869970,8.98,0.68
T0342,BLY,SRP,2026-01-14 00:58:52.895869970,2026-01-14 01:03:23.963043858,4.52,0.8
T0343,HWH,BLY,2026-01-14 00:07:28.560703853,2026-01-14 00:17:58.657093379,10.5,0.28
T0343,BLY,SRP,2026-01-14 00:18:28.657093379,2026-01-14 00:22:55.127344058,4.44,0.32
T0344,HWH,BLY,2026-01-14 00:47:53.583531836,2026-01-14 00:58:49.000217935,10.92,1.12
T0344,BLY,SRP,2026-01-14 00:59:19.000217935,2026-01-14 01:03:51.273379978,4.54,1.25
T0345,HWH,BLY,2026-01-14 00:08:14.823889528,2026-01-14 00:17:46.590573433,9.53,0.08
T0345,BLY,SRP,2026-01-14 00:18:16.590573433,2026-01-14 00:23:08.738380635,4.87,0.55
T0346,HWH,BLY,2026-01-14 00:52:02.845521909,2026-01-14 01:03:20.278143153,11.29,0.64
T0346,BLY,SRP,2026-01-14 01:03:50.278143153,2026-01-14 01:08:03.962653199,4.23,0.47
T0347,HWH,BLY,2026-01-14 00:08:44.957695882,2026-01-14 00:18:02.745197734,9.3,0.35
T0347,BLY,SRP,2026-01-14 00:18:32.745197734,2026-01-14 00:22:41.976286922,4.15,0.1
T0348,HWH,BLY,2026-01-14 00:52:07.406767418,2026-01-14 01:03:50.804666259,11.72,1.15
T0348,BLY,SRP,2026-01-14 01:04:20.804666259,2026-01-14 01:08:22.219472627,4.02,0.77
T0349,HWH,BLY,2026-01-14 00:07:05.117218187,2026-01-14 00:17:46.217065040,10.68,0.07
T0349,BLY,SRP,2026-01-14 00:18:16.217065040,2026-01-14 00:23:33.946006639,5.3,0.97
T0350,HWH,BLY,2026-01-14 00:52:03.626212297,2026-01-14 01:04:04.808920982,12.02,1.38
T0350,BLY,SRP,2026-01-14 01:04:34.808920982,2026-01-14 01:08:34.799988150,4.0,0.98
T0351,HWH,BLY,2026-01-14 00:07:04.072740027,2026-01-14 00:17:46.255385653,10.7,0.07
T0351,BLY,SRP,2026-01-14 00:18:16.255385653,2026-01-14 00:26:03.142010978,7.78,3.45
T0352,HWH,BLY,2026-01-14 00:52:22.504203962,2026-01-14 01:03:04.226652502,10.7,0.37
T0352,BLY,SRP,2026-01-14 01:03:34.226652502,2026-01-14 01:08:56.427619357,5.37,1.34
T0353,HWH,BLY,2026-01-14 00:09:21.223897822,2026-01-14 00:21:06.901149100,11.76,3.42
T0353,BLY,SRP,2026-01-14 00:21:36.901149100,2026-01-14 00:23:43.195163045,2.1,1.12
T0354,HWH,BLY,2026-01-14 00:52:22.657007981,2026-01-14 01:02:46.185311697,10.39,0.07
T0354,BLY,SRP,2026-01-14 01:03:16.185311697,2026-01-14 01:08:48.059641941,5.53,1.2
T0355,HWH,BLY,2026-01-14 00:07:39.233299562,2026-01-14 00:18:08.497590014,10.49,0.44
T0355,BLY,SRP,2026-01-14 00:18:38.497590014,2026-01-14 00:24:29.675408422,5.85,1.89
T0356,HWH,BLY,2026-01-14 00:52:05.658249982,2026-01-14 01:03:14.568245249,11.15,0.54
T0356,BLY,SRP,2026-01-14 01:03:44.568245249,2026-01-14 01:07:36.548092292,3.87,0.01
T0357,HWH,BLY,2026-01-14 00:07:30.353009739,2026-01-14 00:17:44.781620691,10.24,0.05
T0357,BLY,SRP,2026-01-14 00:18:14.781620691,2026-01-14 00:22:42.071567804,4.45,0.1
T0358,HWH,BLY,2026-01-14 00:52:06.001259136,2026-01-14 01:03:32.283282547,11.44,0.84
T0358,BLY,SRP,2026-01-14 01:04:02.283282547,2026-01-14 01:08:41.788690444,4.66,1.1
T0359,HWH,BLY,2026-01-14 00:07:42.026581305,2026-01-14 00:20:19.186570036,12.62,2.62
T0359,BLY,SRP,2026-01-14 00:20:49.186570036,2026-01-14 00:22:58.550235740,2.16,0.38
T0360,HWH,BLY,2026-01-14 00:52:16.150519556,2026-01-14 01:04:19.416121832,12.05,1.62
T0360,BLY,SRP,2026-01-14 01:04:49.416121832,2026-01-14 01:07:48.147939251,2.98,0.2
T0361,HWH,BLY,2026-01-14 00:54:38.537765100,2026-01-14 01:02:42.586989329,8.07,0.01
T0361,BLY,SRP,2026-01-14 01:03:12.586989329,2026-01-14 01:10:24.121292298,7.19,2.8
T0362,HWH,BLY,2026-01-14 00:07:02.117711933,2026-01-14 00:19:28.450618999,12.44,1.77
T0362,BLY,SRP,2026-01-14 00:19:58.450618999,2026-01-14 00:23:12.006876016,3.23,0.6
T0363,HWH,BLY,2026-01-14 00:55:57.927773180,2026-01-14 01:02:45.679746045,6.8,0.06
T0363,BLY,SRP,2026-01-14 01:03:15.679746045,2026-01-14 01:08:14.741263859,4.98,0.65
T0364,HWH,BLY,2026-01-14 00:09:47.211610620,2026-01-14 00:18:17.541308792,8.51,0.59
T0364,BLY,SRP,2026-01-14 00:18:47.541308792,2026-01-14 00:23:23.646157938,4.6,0.79
T0365,HWH,BLY,2026-01-14 00:52:57.115259429,2026-01-14 01:03:11.094132272,10.23,0.48
T0365,BLY,SRP,2026-01-14 01:03:41.094132272,2026-01-14 01:08:23.408360304,4.71,0.79
T0366,HWH,BLY,2026-01-14 00:07:42.135641366,2026-01-14 00:19:33.083172935,11.85,1.85
T0366,BLY,SRP,2026-01-14 00:20:03.083172935,2026-01-14 00:22:38.232550163,2.59,0.04
T0367,HWH,BLY,2026-01-14 00:52:15.832450843,2026-01-14 01:05:06.191808281,12.84,2.4
T0367,BLY,SRP,2026-01-14 01:05:36.191808281,2026-01-14 01:09:22.064439765,3.76,1.77
T0368,HWH,BLY,2026-01-14 00:07:29.192412574,2026-01-14 00:18:28.460785379,10.99,0.77
T0368,BLY,SRP,2026-01-14 00:18:58.460785379,2026-01-14 00:22:51.593924154,3.89,0.26
T0369,HWH,BLY,2026-01-14 00:52:10.003399748,2026-01-14 01:03:11.906812742,11.03,0.5
T0369,BLY,SRP,2026-01-14 01:03:41.906812742,2026-01-14 01:07:56.925769661,4.25,0.35
T0382,HWH,BLY,2026-01-14 00:09:23.603449201,2026-01-14 00:18:44.092992201,9.34,1.03
T0382,BLY,SRP,2026-01-14 00:19:14.092992201,2026-01-14 00:23:21.619392940,4.13,0.76
T0382,SRP,CGR,2026-01-14 00:23:51.619392940,2026-01-14 00:29:44.001720316,5.87,0.43
T0382,CGR,CNS,2026-01-14 00:30:14.001720316,2026-01-14 00:39:03.552881354,8.83,2.16
T0382,CNS,BDC,2026-01-14 00:39:33.552881354,2026-01-14 00:50:00.498834242,10.45,1.61
T0383,HWH,BLY,2026-01-14 01:27:02.221101055,2026-01-14 01:37:43.282599209,10.68,0.02
T0383,BLY,SRP,2026-01-14 01:38:13.282599209,2026-01-14 01:42:58.672692555,4.76,0.38
T0383,SRP,CGR,2026-01-14 01:43:28.672692555,2026-01-14 01:50:37.855090703,7.15,1.33
T0383,CGR,CNS,2026-01-14 01:51:07.855090703,2026-01-14 02:00:23.485222474,9.26,3.49
T0383,CNS,BDC,2026-01-14 02:00:53.485222474,2026-01-14 02:08:31.824456476,7.64,0.13
T0384,HWH,BLY,2026-01-14 00:07:43.282758250,2026-01-14 00:18:05.014737588,10.36,0.38
T0384,BLY,SRP,2026-01-14 00:18:35.014737588,2026-01-14 00:25:24.178010610,6.82,2.8
T0384,SRP,CGR,2026-01-14 00:25:54.178010610,2026-01-14 00:30:46.603833956,4.87,1.48
T0384,CGR,CNS,2026-01-14 00:31:16.603833956,2026-01-14 00:38:21.465122230,7.08,1.46
T0384,CNS,BDC,2026-01-14 00:38:51.465122230,2026-01-14 00:48:54.355947414,10.05,0.51
T0385,HWH,BLY,2026-01-14 01:27:25.720076943,2026-01-14 01:37:57.330666823,10.53,0.26
T0385,BLY,SRP,2026-01-14 01:38:27.330666823,2026-01-14 01:42:38.785294264,4.19,0.05
T0385,SRP,CGR,2026-01-14 01:43:08.785294264,2026-01-14 01:50:54.020454720,7.75,1.6
T0385,CGR,CNS,2026-01-14 01:51:24.020454720,2026-01-14 01:58:14.453637083,6.84,1.34
T0385,CNS,BDC,2026-01-14 01:58:44.453637083,2026-01-14 02:14:56.277388695,16.2,6.54
T0386,HWH,BLY,2026-01-14 00:11:33.353923235,2026-01-14 00:18:20.911276446,6.79,0.65
T0386,BLY,SRP,2026-01-14 00:18:50.911276446,2026-01-14 00:23:46.333588329,4.92,1.17
T0386,SRP,CGR,2026-01-14 00:24:16.333588329,2026-01-14 00:31:37.016240777,7.34,2.32
T0386,CGR,CNS,2026-01-14 00:32:07.016240777,2026-01-14 00:38:24.949056706,6.3,1.52
T0386,CNS,BDC,2026-01-14 00:38:54.949056706,2026-01-14 00:48:37.639317339,9.71,0.23
T0387,HWH,BLY,2026-01-14 01:27:28.743687715,2026-01-14 01:37:48.638224527,10.33,0.11
T0387,BLY,SRP,2026-01-14 01:38:18.638224527,2026-01-14 01:45:03.850741749,6.75,2.46
T0387,SRP,CGR,2026-01-14 01:45:33.850741749,2026-01-14 01:50:02.728689724,4.48,0.75
T0387,CGR,CNS,2026-01-14 01:50:32.728689724,2026-01-14 01:57:06.460978820,6.56,0.21
T0387,CNS,BDC,2026-01-14 01:57:36.460978820,2026-01-14 02:09:17.463817880,11.68,0.89
T0388,HWH,BLY,2026-01-14 00:07:46.208180867,2026-01-14 00:18:03.284182190,10.28,0.35
T0388,BLY,SRP,2026-01-14 00:18:33.284182190,2026-01-14 00:22:41.785877827,4.14,0.1
T0388,SRP,CGR,2026-01-14 00:23:11.785877827,2026-01-14 00:30:11.445181608,6.99,0.89
T0388,CGR,CNS,2026-01-14 00:30:41.445181608,2026-01-14 00:37:29.261300360,6.8,0.59
T0388,CNS,BDC,2026-01-14 00:37:59.261300360,2026-01-14 00:49:35.030739886,11.6,1.18
T0389,HWH,BLY,2026-01-14 01:27:35.246873300,2026-01-14 01:39:13.764965342,11.64,1.53
T0389,BLY,SRP,2026-01-14 01:39:43.764965342,2026-01-14 01:43:14.532197713,3.51,0.64
T0389,SRP,CGR,2026-01-14 01:43:44.532197713,2026-01-14 01:49:57.509499887,6.22,0.66
T0389,CGR,CNS,2026-01-14 01:50:27.509499887,2026-01-14 01:58:34.452414875,8.12,1.67
T0389,CNS,BDC,2026-01-14 01:59:04.452414875,2026-01-14 02:08:48.799071071,9.74,0.41
T0390,HWH,BLY,2026-01-14 00:07:06.906621858,2026-01-14 00:17:43.401841028,10.61,0.02
T0390,BLY,SRP,2026-01-14 00:18:13.401841028,2026-01-14 00:23:43.538757727,5.5,1.13
T0390,SRP,CGR,2026-01-14 00:24:13.538757727,2026-01-14 00:30:04.483150418,5.85,0.77
T0390,CGR,CNS,2026-01-14 00:30:34.483150418,2026-01-14 00:37:52.447936694,7.3,0.97
T0390,CNS,BDC,2026-01-14 00:38:22.447936694,2026-01-14 00:48:35.495111687,10.22,0.19
T0391,HWH,BLY,2026-01-14 01:27:07.037402458,2026-01-14 01:37:42.703270860,10.59,0.01
T0391,BLY,SRP,2026-01-14 01:38:12.703270860,2026-01-14 01:42:56.720988552,4.73,0.35
T0391,SRP,CGR,2026-01-14 01:43:26.720988552,2026-01-14 01:50:00.787074031,6.57,0.71
T0391,CGR,CNS,2026-01-14 01:50:30.787074031,2026-01-14 01:57:17.903129642,6.79,0.4
T0391,CNS,BDC,2026-01-14 01:57:47.903129642,2026-01-14 02:08:51.615339015,11.06,0.46
T0392,HWH,BLY,2026-01-14 00:08:52.562953103,2026-01-14 00:18:02.548925492,9.17,0.34
T0392,BLY,SRP,2026-01-14 00:18:32.548925492,2026-01-14 00:23:10.633201347,4.63,0.58
T0392,SRP,CGR,2026-01-14 00:23:40.633201347,2026-01-14 00:30:31.481843410,6.85,1.22
T0392,CGR,CNS,2026-01-14 00:31:01.481843410,2026-01-14 00:37:18.243846302,6.28,0.4
T0392,CNS,BDC,2026-01-14 00:37:48.243846302,2026-01-14 00:49:10.708342816,11.37,0.78
T0393,HWH,BLY,2026-01-14 01:28:35.190750896,2026-01-14 01:40:05.337139937,11.5,2.39
T0393,BLY,SRP,2026-01-14 01:40:35.337139937,2026-01-14 01:42:43.635930207,2.14,0.13
T0393,SRP,CGR,2026-01-14 01:43:13.635930207,2026-01-14 01:51:23.359812626,8.16,2.09
T0393,CGR,CNS,2026-01-14 01:51:53.359812626,2026-01-14 01:57:26.520133487,5.55,0.54
T0393,CNS,BDC,2026-01-14 01:57:56.520133487,2026-01-14 02:08:38.339301808,10.7,0.24
T0394,HWH,BLY,2026-01-14 00:07:29.500174433,2026-01-14 00:20:49.855348683,13.34,3.13
T0394,BLY,SRP,2026-01-14 00:21:19.855348683,2026-01-14 00:23:08.567582048,1.81,0.54
T0394,SRP,CGR,2026-01-14 00:23:38.567582048,2026-01-14 00:29:37.133569540,5.98,0.32
T0394,CGR,CNS,2026-01-14 00:30:07.133569540,2026-01-14 00:37:42.167341149,7.58,0.8
T0394,CNS,BDC,2026-01-14 00:38:12.167341149,2026-01-14 00:48:37.182166450,10.42,0.22
T0395,HWH,BLY,2026-01-14 01:27:03.786974638,2026-01-14 01:37:48.622810546,10.75,0.11
T0395,BLY,SRP,2026-01-14 01:38:18.622810546,2026-01-14 01:42:42.576884355,4.4,0.11
T0395,SRP,CGR,2026-01-14 01:43:12.576884355,2026-01-14 01:49:25.908475274,6.22,0.13
T0395,CGR,CNS,2026-01-14 01:49:55.908475274,2026-01-14 01:57:01.174083171,7.09,0.12
T0395,CNS,BDC,2026-01-14 01:57:31.174083171,2026-01-14 02:09:13.156034451,11.7,0.82
T0396,HWH,BLY,2026-01-14 00:07:09.635825137,2026-01-14 00:18:02.358687158,10.88,0.34
T0396,BLY,SRP,2026-01-14 00:18:32.358687158,2026-01-14 00:24:25.006758006,5.88,1.82
T0396,SRP,CGR,2026-01-14 00:24:55.006758006,2026-01-14 00:29:48.834294799,4.9,0.51
T0396,CGR,CNS,2026-01-14 00:30:18.834294799,2026-01-14 00:37:46.861876015,7.47,0.88
T0396,CNS,BDC,2026-01-14 00:38:16.861876015,2026-01-14 00:48:33.078168821,10.27,0.15
T0397,HWH,BLY,2026-01-14 01:27:10.250447087,2026-01-14 01:37:44.002906210,10.56,0.03
T0397,BLY,SRP,2026-01-14 01:38:14.002906210,2026-01-14 01:42:44.882272515,4.51,0.15
T0397,SRP,CGR,2026-01-14 01:43:14.882272515,2026-01-14 01:49:33.674309694,6.31,0.26
T0397,CGR,CNS,2026-01-14 01:50:03.674309694,2026-01-14 01:57:03.350967239,6.99,0.16
T0397,CNS,BDC,2026-01-14 01:57:33.350967239,2026-01-14 02:08:28.458523577,10.92,0.07
T0398,HWH,BLY,2026-01-14 00:07:06.170698247,2026-01-14 00:18:11.646208481,11.09,0.49
T0398,BLY,SRP,2026-01-14 00:18:41.646208481,2026-01-14 00:22:47.092425904,4.09,0.18
T0398,SRP,CGR,2026-01-14 00:23:17.092425904,2026-01-14 00:29:39.743093544,6.38,0.36
T0398,CGR,CNS,2026-01-14 00:30:09.743093544,2026-01-14 00:37:27.600248866,7.3,0.56
T0398,CNS,BDC,2026-01-14 00:37:57.600248866,2026-01-14 00:49:20.277956832,11.38,0.94
T0399,HWH,BLY,2026-01-14 01:27:01.925075044,2026-01-14 01:38:59.111723703,11.95,1.29
T0399,BLY,SRP,2026-01-14 01:39:29.111723703,2026-01-14 01:43:23.452497137,3.91,0.79
T0399,SRP,CGR,2026-01-14 01:43:53.452497137,2026-01-14 01:49:22.094180658,5.48,0.07
T0399,CGR,CNS,2026-01-14 01:49:52.094180658,2026-01-14 01:58:33.270465527,8.69,1.65
T0399,CNS,BDC,2026-01-14 01:59:03.270465527,2026-01-14 02:10:25.761290226,11.37,2.03
T0400,HWH,BLY,2026-01-14 00:07:03.025095722,2026-01-14 00:17:57.560488470,10.91,0.26
T0400,BLY,SRP,2026-01-14 00:18:27.560488470,2026-01-14 00:23:54.764888794,5.45,1.31
T0400,SRP,CGR,2026-01-14 00:24:24.764888794,2026-01-14 00:30:24.209147530,5.99,1.1
T0400,CGR,CNS,2026-01-14 00:30:54.209147530,2026-01-14 00:37:03.791022338,6.16,0.16
T0400,CNS,BDC,2026-01-14 00:37:33.791022338,2026-01-14 00:48:35.275153496,11.02,0.19
T0401,HWH,BLY,2026-01-14 01:27:22.213685281,2026-01-14 01:38:13.807803104,10.86,0.53
T0401,BLY,SRP,2026-01-14 01:38:43.807803104,2026-01-14 01:43:22.224088034,4.64,0.77
T0401,SRP,CGR,2026-01-14 01:43:52.224088034,2026-01-14 01:49:40.095003024,5.8,0.37
T0401,CGR,CNS,2026-01-14 01:50:10.095003024,2026-01-14 01:57:23.802773242,7.23,0.5
T0401,CNS,BDC,2026-01-14 01:57:53.802773242,2026-01-14 02:09:30.058989138,11.6,1.1
T0402,HWH,BLY,2026-01-14 00:07:01.793901711,2026-01-14 00:17:55.964957850,10.9,0.23
T0402,BLY,SRP,2026-01-14 00:18:25.964957850,2026-01-14 00:23:35.975609997,5.17,1.0
T0402,SRP,CGR,2026-01-14 00:24:05.975609997,2026-01-14 00:31:06.276804207,7.01,1.8
T0402,CGR,CNS,2026-01-14 00:31:36.276804207,2026-01-14 00:37:28.405397386,5.87,0.57
T0402,CNS,BDC,2026-01-14 00:37:58.405397386,2026-01-14 00:49:00.457416112,11.03,0.61
T0403,HWH,BLY,2026-01-14 01:27:05.441344249,2026-01-14 01:38:10.470875812,11.08,0.47
T0403,BLY,SRP,2026-01-14 01:38:40.470875812,2026-01-14 01:43:12.509126354,4.53,0.61
T0403,SRP,CGR,2026-01-14 01:43:42.509126354,2026-01-14 01:49:31.329254556,5.81,0.22
T0403,CGR,CNS,2026-01-14 01:50:01.329254556,2026-01-14 01:57:09.056381370,7.13,0.25
T0403,CNS,BDC,2026-01-14 01:57:39.056381370,2026-01-14 02:08:46.735919270,11.13,0.38
T0404,HWH,BLY,2026-01-14 00:07:00.973217316,2026-01-14 00:18:00.658788540,10.99,0.31
T0404,BLY,SRP,2026-01-14 00:18:30.658788540,2026-01-14 00:22:47.402732909,4.28,0.19
T0404,SRP,CGR,2026-01-14 00:23:17.402732909,2026-01-14 00:29:37.043963051,6.33,0.32
T0404,CGR,CNS,2026-01-14 00:30:07.043963051,2026-01-14 00:37:00.123028957,6.88,0.1
T0404,CNS,BDC,2026-01-14 00:37:30.123028957,2026-01-14 00:50:10.179835197,12.67,1.77
T0405,HWH,BLY,2026-01-14 01:27:43.219143066,2026-01-14 01:38:36.558381978,10.89,0.91
T0405,BLY,SRP,2026-01-14 01:39:06.558381978,2026-01-14 01:43:50.722033554,4.74,1.25
T0405,SRP,CGR,2026-01-14 01:44:20.722033554,2026-01-14 01:49:51.121748248,5.51,0.55
T0405,CGR,CNS,2026-01-14 01:50:21.121748248,2026-01-14 01:56:58.364740536,6.62,0.07
T0405,CNS,BDC,2026-01-14 01:57:28.364740536,2026-01-14 02:09:00.972401438,11.54,0.62
T0406,HWH,BLY,2026-01-14 00:07:42.428306777,2026-01-14 00:18:47.674399142,11.09,1.09
T0406,BLY,SRP,2026-01-14 00:19:17.674399142,2026-01-14 00:23:03.121663170,3.76,0.45
T0406,SRP,CGR,2026-01-14 00:23:33.121663170,2026-01-14 00:29:24.551264003,5.86,0.11
T0406,CGR,CNS,2026-01-14 00:29:54.551264003,2026-01-14 00:37:10.020584652,7.26,0.27
T0406,CNS,BDC,2026-01-14 00:37:40.020584652,2026-01-14 00:48:45.653511622,11.09,0.36
T0407,HWH,BLY,2026-01-14 01:27:49.834781357,2026-01-14 01:38:22.597522617,10.55,0.68
T0407,BLY,SRP,2026-01-14 01:38:52.597522617,2026-01-14 01:42:57.129924463,4.08,0.35
T0407,SRP,CGR,2026-01-14 01:43:27.129924463,2026-01-14 01:52:44.697397064,9.29,3.44
T0407,CGR,CNS,2026-01-14 01:53:14.697397064,2026-01-14 01:57:38.679984406,4.4,0.74
T0407,CNS,BDC,2026-01-14 01:58:08.679984406,2026-01-14 02:08:36.998137380,10.47,0.22
T0408,HWH,BLY,2026-01-14 00:07:05.152464221,2026-01-14 00:17:49.962638044,10.75,0.13
T0408,BLY,SRP,2026-01-14 00:18:19.962638044,2026-01-14 00:22:49.550728770,4.49,0.23
T0408,SRP,CGR,2026-01-14 00:23:19.550728770,2026-01-14 00:29:26.407913997,6.11,0.14
T0408,CGR,CNS,2026-01-14 00:29:56.407913997,2026-01-14 00:37:03.911603781,7.13,0.17
T0408,CNS,BDC,2026-01-14 00:37:33.911603781,2026-01-14 00:48:40.109080714,11.1,0.27
T0409,HWH,BLY,2026-01-14 01:27:09.139316815,2026-01-14 01:39:30.996069569,12.36,1.82
T0409,BLY,SRP,2026-01-14 01:40:00.996069569,2026-01-14 01:42:40.014514204,2.65,0.07
T0409,SRP,CGR,2026-01-14 01:43:10.014514204,2026-01-14 01:49:53.683792805,6.73,0.59
T0409,CGR,CNS,2026-01-14 01:50:23.683792805,2026-01-14 01:57:19.358666711,6.93,0.42
T0409,CNS,BDC,2026-01-14 01:57:49.358666711,2026-01-14 02:11:37.854823968,13.81,3.23
T0410,HWH,BLY,2026-01-14 00:07:05.703712593,2026-01-14 00:18:06.348383699,11.01,0.41
T0410,BLY,SRP,2026-01-14 00:18:36.348383699,2026-01-14 00:25:23.474863878,6.79,2.79
T0410,SRP,CGR,2026-01-14 00:25:53.474863878,2026-01-14 00:30:54.299714974,5.01,1.6
T0410,CGR,CNS,2026-01-14 00:31:24.299714974,2026-01-14 00:38:15.535825633,6.85,1.36
T0410,CNS,BDC,2026-01-14 00:38:45.535825633,2026-01-14 00:48:38.317204009,9.88,0.24
T0411,HWH,BLY,2026-01-14 01:27:08.995177573,2026-01-14 01:38:35.018860736,11.43,0.88
T0411,BLY,SRP,2026-01-14 01:39:05.018860736,2026-01-14 01:44:43.218484558,5.64,2.12
T0411,SRP,CGR,2026-01-14 01:45:13.218484558,2026-01-14 01:49:57.055220251,4.73,0.65
T0411,CGR,CNS,2026-01-14 01:50:27.055220251,2026-01-14 01:57:34.690922950,7.13,0.68
T0411,CNS,BDC,2026-01-14 01:58:04.690922950,2026-01-14 02:08:39.766801478,10.58,0.26
T0412,HWH,BLY,2026-01-14 00:08:10.438740403,2026-01-14 00:17:51.939743143,9.69,0.17
T0412,BLY,SRP,2026-01-14 00:18:21.939743143,2026-01-14 00:22:54.772215029,4.55,0.31
T0412,SRP,CGR,2026-01-14 00:23:24.772215029,2026-01-14 00:29:44.598938403,6.33,0.44
T0412,CGR,CNS,2026-01-14 00:30:14.598938403,2026-01-14 00:37:28.007278206,7.22,0.57
T0412,CNS,BDC,2026-01-14 00:37:58.007278206,2026-01-14 00:48:37.325404011,10.66,0.22
T0413,HWH,BLY,2026-01-14 01:27:05.855197062,2026-01-14 01:38:27.273583556,11.36,0.75
T0413,BLY,SRP,2026-01-14 01:38:57.273583556,2026-01-14 01:42:52.347041684,3.92,0.27
T0413,SRP,CGR,2026-01-14 01:43:22.347041684,2026-01-14 01:49:59.781747278,6.62,0.7
T0413,CGR,CNS,2026-01-14 01:50:29.781747278,2026-01-14 01:57:02.047908132,6.54,0.13
T0413,CNS,BDC,2026-01-14 01:57:32.047908132,2026-01-14 02:08:55.493826145,11.39,0.52
T0414,HWH,BLY,2026-01-14 00:07:36.506267910,2026-01-14 00:17:44.554303269,10.13,0.04
T0414,BLY,SRP,2026-01-14 00:18:14.554303269,2026-01-14 00:22:55.698412866,4.69,0.33
T0414,SRP,CGR,2026-01-14 00:23:25.698412866,2026-01-14 00:29:24.928767687,5.99,0.12
T0414,CGR,CNS,2026-01-14 00:29:54.928767687,2026-01-14 00:36:57.142668421,7.04,0.05
T0414,CNS,BDC,2026-01-14 00:37:27.142668421,2026-01-14 00:52:04.857662946,14.63,3.68
T0415,HWH,BLY,2026-01-14 01:27:18.678241080,2026-01-14 01:39:01.683389460,11.72,1.33
T0415,BLY,SRP,2026-01-14 01:39:31.683389460,2026-01-14 01:42:50.106664046,3.31,0.24
T0415,SRP,CGR,2026-01-14 01:43:20.106664046,2026-01-14 01:50:12.918784848,6.88,0.92
T0415,CGR,CNS,2026-01-14 01:50:42.918784848,2026-01-14 01:58:02.547178695,7.33,1.14
T0415,CNS,BDC,2026-01-14 01:58:32.547178695,2026-01-14 02:09:07.461436520,10.58,0.72
T0416,HWH,BLY,2026-01-14 00:07:30.617118914,2026-01-14 00:18:07.476375048,10.61,0.42
T0416,BLY,SRP,2026-01-14 00:18:37.476375048,2026-01-14 00:22:56.594078481,4.32,0.34
T0416,SRP,CGR,2026-01-14 00:23:26.594078481,2026-01-14 00:31:25.322690314,7.98,2.12
T0416,CGR,CNS,2026-01-14 00:31:55.322690314,2026-01-14 00:38:19.229139414,6.4,1.42
T0416,CNS,BDC,2026-01-14 00:38:49.229139414,2026-01-14 00:51:04.952466691,12.26,2.68
T0417,HWH,BLY,2026-01-14 01:27:06.370970008,2026-01-14 01:38:45.002465446,11.64,1.05
T0417,BLY,SRP,2026-01-14 01:39:15.002465446,2026-01-14 01:44:49.734108732,5.58,2.23
T0417,SRP,CGR,2026-01-14 01:45:19.734108732,2026-01-14 01:49:27.597878865,4.13,0.16
T0417,CGR,CNS,2026-01-14 01:49:57.597878865,2026-01-14 01:56:57.302895238,7.0,0.06
T0417,CNS,BDC,2026-01-14 01:57:27.302895238,2026-01-14 02:09:28.866871353,12.03,1.08
T0418,HWH,BLY,2026-01-14 00:07:41.012502921,2026-01-14 00:19:10.515702783,11.49,1.48
T0418,BLY,SRP,2026-01-14 00:19:40.515702783,2026-01-14 00:22:43.226795827,3.05,0.12
T0418,SRP,CGR,2026-01-14 00:23:13.226795827,2026-01-14 00:30:34.130405329,7.35,1.27
T0418,CGR,CNS,2026-01-14 00:31:04.130405329,2026-01-14 00:37:04.808629107,6.01,0.18
T0418,CNS,BDC,2026-01-14 00:37:34.808629107,2026-01-14 00:48:32.578329550,10.96,0.14
T0419,HWH,BLY,2026-01-14 01:27:08.613343514,2026-01-14 01:39:02.884957563,11.9,1.35
T0419,BLY,SRP,2026-01-14 01:39:32.884957563,2026-01-14 01:43:28.522254672,3.93,0.88
T0419,SRP,CGR,2026-01-14 01:43:58.522254672,2026-01-14 01:49:53.538045904,5.92,0.59
T0419,CGR,CNS,2026-01-14 01:50:23.538045904,2026-01-14 01:57:15.334147280,6.86,0.36
T0419,CNS,BDC,2026-01-14 01:57:45.334147280,2026-01-14 02:10:04.665728030,12.32,1.68
T0420,HWH,BLY,2026-01-14 00:07:23.919011985,2026-01-14 00:19:03.411967816,11.66,1.36
T0420,BLY,SRP,2026-01-14 00:19:33.411967816,2026-01-14 00:23:03.757194293,3.51,0.46
T0420,SRP,CGR,2026-01-14 00:23:33.757194293,2026-01-14 00:29:40.709739159,6.12,0.38
T0420,CGR,CNS,2026-01-14 00:30:10.709739159,2026-01-14 00:37:23.815730875,7.22,0.5
T0420,CNS,BDC,2026-01-14 00:37:53.815730875,2026-01-14 00:48:41.214973220,10.79,0.29
T0421,HWH,BLY,2026-01-14 01:28:06.085311020,2026-01-14 01:38:15.532935153,10.16,0.56
T0421,BLY,SRP,2026-01-14 01:38:45.532935153,2026-01-14 01:42:48.683641487,4.05,0.21
T0421,SRP,CGR,2026-01-14 01:43:18.683641487,2026-01-14 01:51:08.320312778,7.83,1.84
T0421,CGR,CNS,2026-01-14 01:51:38.320312778,2026-01-14 01:57:17.247923633,5.65,0.39
T0421,CNS,BDC,2026-01-14 01:57:47.247923633,2026-01-14 02:09:01.645554344,11.24,0.63
T0422,HWH,BLY,2026-01-14 00:08:53.735789218,2026-01-14 00:18:28.982366585,9.59,0.78
T0422,BLY,SRP,2026-01-14 00:18:58.982366585,2026-01-14 00:22:41.967101561,3.72,0.1
T0422,SRP,CGR,2026-01-14 00:23:11.967101561,2026-01-14 00:31:32.909600828,8.35,2.25
T0422,CGR,CNS,2026-01-14 00:32:02.909600828,2026-01-14 00:37:41.427692588,5.64,0.79
T0422,CNS,BDC,2026-01-14 00:38:11.427692588,2026-01-14 00:48:43.575663146,10.54,0.33
T0423,HWH,BLY,2026-01-14 01:27:07.198887389,2026-01-14 01:38:57.840066992,11.84,1.26
T0423,BLY,SRP,2026-01-14 01:39:27.840066992,2026-01-14 01:43:22.453224363,3.91,0.77
T0423,SRP,CGR,2026-01-14 01:43:52.453224363,2026-01-14 01:49:54.595865186,6.04,0.61
T0423,CGR,CNS,2026-01-14 01:50:24.595865186,2026-01-14 01:58:41.678559865,8.28,1.79
T0423,CNS,BDC,2026-01-14 01:59:11.678559865,2026-01-14 02:09:38.591520657,10.45,1.24
T0424,HWH,BLY,2026-01-14 00:07:07.895583366,2026-01-14 00:17:59.931002466,10.87,0.3
T0424,BLY,SRP,2026-01-14 00:18:29.931002466,2026-01-14 00:22:49.712141690,4.33,0.23
T0424,SRP,CGR,2026-01-14 00:23:19.712141690,2026-01-14 00:30:23.393666969,7.06,1.09
T0424,CGR,CNS,2026-01-14 00:30:53.393666969,2026-01-14 00:36:55.637161913,6.04,0.03
T0424,CNS,BDC,2026-01-14 00:37:25.637161913,2026-01-14 00:49:04.498250706,11.65,0.67
T0425,HWH,BLY,2026-01-14 01:28:08.995858361,2026-01-14 01:39:22.496032530,11.23,1.67
T0425,BLY,SRP,2026-01-14 01:39:52.496032530,2026-01-14 01:42:56.096380490,3.06,0.33
T0425,SRP,CGR,2026-01-14 01:43:26.096380490,2026-01-14 01:50:40.646782249,7.24,1.38
T0425,CGR,CNS,2026-01-14 01:51:10.646782249,2026-01-14 01:56:59.627706484,5.82,0.09
T0425,CNS,BDC,2026-01-14 01:57:29.627706484,2026-01-14 02:09:53.939709946,12.41,1.5
T0426,HWH,BLY,2026-01-14 00:07:06.546222265,2026-01-14 00:18:06.303102298,11.0,0.41
T0426,BLY,SRP,2026-01-14 00:18:36.303102298,2026-01-14 00:23:52.608257439,5.27,1.28
T0426,SRP,CGR,2026-01-14 00:24:22.608257439,2026-01-14 00:29:25.796245916,5.05,0.13
T0426,CGR,CNS,2026-01-14 00:29:55.796245916,2026-01-14 00:37:06.498865077,7.18,0.21
T0426,CNS,BDC,2026-01-14 00:37:36.498865077,2026-01-14 00:49:25.490068686,11.82,1.02
T0427,HWH,BLY,2026-01-14 01:28:01.108616255,2026-01-14 01:38:31.192522019,10.5,0.82
T0427,BLY,SRP,2026-01-14 01:39:01.192522019,2026-01-14 01:43:32.832082036,4.53,0.95
T0427,SRP,CGR,2026-01-14 01:44:02.832082036,2026-01-14 01:49:55.558516857,5.88,0.63
T0427,CGR,CNS,2026-01-14 01:50:25.558516857,2026-01-14 01:57:07.924017564,6.71,0.23
T0427,CNS,BDC,2026-01-14 01:57:37.924017564,2026-01-14 02:08:44.360793302,11.11,0.34
T0428,HWH,BLY,2026-01-14 00:07:09.619261176,2026-01-14 00:19:36.762054687,12.45,1.91
T0428,BLY,SRP,2026-01-14 00:20:06.762054687,2026-01-14 00:23:18.029234622,3.19,0.7
T0428,SRP,CGR,2026-01-14 00:23:48.029234622,2026-01-14 00:29:42.587791654,5.91,0.41
T0428,CGR,CNS,2026-01-14 00:30:12.587791654,2026-01-14 00:37:23.755560303,7.19,0.5
T0428,CNS,BDC,2026-01-14 00:37:53.755560303,2026-01-14 00:50:45.255539375,12.86,2.35
T0429,HWH,BLY,2026-01-14 01:27:07.990538406,2026-01-14 01:38:24.357341237,11.27,0.71
T0429,BLY,SRP,2026-01-14 01:38:54.357341237,2026-01-14 01:43:09.839733158,4.26,0.56
T0429,SRP,CGR,2026-01-14 01:43:39.839733158,2026-01-14 01:50:03.376527264,6.39,0.76
T0429,CGR,CNS,2026-01-14 01:50:33.376527264,2026-01-14 01:56:54.877256659,6.36,0.01
T0429,CNS,BDC,2026-01-14 01:57:24.877256659,2026-01-14 02:10:02.721289081,12.63,1.65
T0430,HWH,BLY,2026-01-14 00:09:09.119449761,2026-01-14 00:18:21.970342269,9.21,0.67
T0430,BLY,SRP,2026-01-14 00:18:51.970342269,2026-01-14 00:23:33.257795545,4.69,0.95
T0430,SRP,CGR,2026-01-14 00:24:03.257795545,2026-01-14 00:31:20.758529176,7.29,2.05
T0430,CGR,CNS,2026-01-14 00:31:50.758529176,2026-01-14 00:37:52.963077762,6.04,0.98
T0430,CNS,BDC,2026-01-14 00:38:22.963077762,2026-01-14 00:48:31.944504437,10.15,0.13
T0431,HWH,BLY,2026-01-14 01:27:41.217703192,2026-01-14 01:38:26.794601137,10.76,0.75
T0431,BLY,SRP,2026-01-14 01:38:56.794601137,2026-01-14 01:43:02.489976188,4.09,0.44
T0431,SRP,CGR,2026-01-14 01:43:32.489976188,2026-01-14 01:50:22.007534586,6.83,1.07
T0431,CGR,CNS,2026-01-14 01:50:52.007534586,2026-01-14 01:59:04.736490516,8.21,2.18
T0431,CNS,BDC,2026-01-14 01:59:34.736490516,2026-01-14 02:10:28.698058226,10.9,2.08
T0432,HWH,BLY,2026-01-14 00:07:28.769486222,2026-01-14 00:17:47.768577818,10.32,0.1
T0432,BLY,SRP,2026-01-14 00:18:17.768577818,2026-01-14 00:25:57.080351477,7.66,3.35
T0432,SRP,CGR,2026-01-14 00:26:27.080351477,2026-01-14 00:30:45.634469319,4.31,1.46
T0432,CGR,CNS,2026-01-14 00:31:15.634469319,2026-01-14 00:37:00.391006066,5.75,0.11
T0432,CNS,BDC,2026-01-14 00:37:30.391006066,2026-01-14 00:50:25.742781166,12.92,2.03
T0433,HWH,BLY,2026-01-14 01:28:37.892348698,2026-01-14 01:38:17.114466526,9.65,0.59
T0433,BLY,SRP,2026-01-14 01:38:47.114466526,2026-01-14 01:43:18.946261767,4.53,0.72
T0433,SRP,CGR,2026-01-14 01:43:48.946261767,2026-01-14 01:49:42.439912483,5.89,0.41
T0433,CGR,CNS,2026-01-14 01:50:12.439912483,2026-01-14 01:56:56.703271163,6.74,0.05
T0433,CNS,BDC,2026-01-14 01:57:26.703271163,2026-01-14 02:08:43.596714542,11.28,0.33
T0434,HWH,BLY,2026-01-14 00:08:17.942779731,2026-01-14 00:17:42.222853635,9.4,0.0
T0434,BLY,SRP,2026-01-14 00:18:12.222853635,2026-01-14 00:22:55.474267036,4.72,0.32
T0434,SRP,CGR,2026-01-14 00:23:25.474267036,2026-01-14 00:29:42.373348553,6.28,0.41
T0434,CGR,CNS,2026-01-14 00:30:12.373348553,2026-01-14 00:37:31.002385157,7.31,0.62
T0434,CNS,BDC,2026-01-14 00:38:01.002385157,2026-01-14 00:50:25.148422855,12.4,2.02
T0435,HWH,BLY,2026-01-14 01:27:20.408501322,2026-01-14 01:38:02.453111326,10.7,0.34
T0435,BLY,SRP,2026-01-14 01:38:32.453111326,2026-01-14 01:43:40.200429679,5.13,1.07
T0435,SRP,CGR,2026-01-14 01:44:10.200429679,2026-01-14 01:49:46.890133127,5.61,0.48
T0435,CGR,CNS,2026-01-14 01:50:16.890133127,2026-01-14 01:57:06.210358737,6.82,0.2
T0435,CNS,BDC,2026-01-14 01:57:36.210358737,2026-01-14 02:08:52.909552827,11.28,0.48
T0436,HWH,BLY,2026-01-14 00:07:07.287356252,2026-01-14 00:17:51.314616153,10.73,0.16
T0436,BLY,SRP,2026-01-14 00:18:21.314616153,2026-01-14 00:23:09.114626054,4.8,0.55
T0436,SRP,CGR,2026-01-14 00:23:39.114626054,2026-01-14 00:29:44.058058380,6.08,0.43
T0436,CGR,CNS,2026-01-14 00:30:14.058058380,2026-01-14 00:38:52.238051292,8.64,1.97
T0436,CNS,BDC,2026-01-14 00:39:22.238051292,2026-01-14 00:48:45.601659985,9.39,0.36
T0437,HWH,BLY,2026-01-14 01:27:41.707314421,2026-01-14 01:38:30.018757080,10.81,0.8
T0437,BLY,SRP,2026-01-14 01:39:00.018757080,2026-01-14 01:42:36.632685351,3.61,0.01
T0437,SRP,CGR,2026-01-14 01:43:06.632685351,2026-01-14 01:50:10.284873457,7.06,0.87
T0437,CGR,CNS,2026-01-14 01:50:40.284873457,2026-01-14 01:57:03.410814729,6.39,0.16
T0437,CNS,BDC,2026-01-14 01:57:33.410814729,2026-01-14 02:10:59.807917069,13.44,2.6
T0438,HWH,BLY,2026-01-14 00:07:07.725451406,2026-01-14 00:18:07.704053497,11.0,0.43
T0438,BLY,SRP,2026-01-14 00:18:37.704053497,2026-01-14 00:22:40.282245007,4.04,0.07
T0438,SRP,CGR,2026-01-14 00:23:10.282245007,2026-01-14 00:33:54.867917527,10.74,4.61
T0438,CGR,CNS,2026-01-14 00:34:24.867917527,2026-01-14 00:37:27.482249551,3.04,0.56
T0438,CNS,BDC,2026-01-14 00:37:57.482249551,2026-01-14 00:49:07.431327556,11.17,0.72
T0439,HWH,BLY,2026-01-14 01:27:03.332738439,2026-01-14 01:38:48.534540250,11.75,1.11
T0439,BLY,SRP,2026-01-14 01:39:18.534540250,2026-01-14 01:42:47.308936236,3.48,0.19
T0439,SRP,CGR,2026-01-14 01:43:17.308936236,2026-01-14 01:51:07.599113126,7.84,1.83
T0439,CGR,CNS,2026-01-14 01:51:37.599113126,2026-01-14 01:57:05.020263751,5.46,0.18
T0439,CNS,BDC,2026-01-14 01:57:35.020263751,2026-01-14 02:08:34.155380630,10.99,0.17
T0440,HWH,BLY,2026-01-14 00:07:01.787248409,2026-01-14 00:18:12.661718078,11.18,0.51
T0440,BLY,SRP,2026-01-14 00:18:42.661718078,2026-01-14 00:23:15.938116976,4.55,0.67
T0440,SRP,CGR,2026-01-14 00:23:45.938116976,2026-01-14 00:29:21.262413128,5.59,0.05
T0440,CGR,CNS,2026-01-14 00:29:51.262413128,2026-01-14 00:38:05.712124492,8.24,1.2
T0440,CNS,BDC,2026-01-14 00:38:35.712124492,2026-01-14 00:48:52.984063214,10.29,0.48
T0441,HWH,BLY,2026-01-14 01:27:35.671567420,2026-01-14 01:38:09.896710645,10.57,0.46
T0441,BLY,SRP,2026-01-14 01:38:39.896710645,2026-01-14 01:43:00.580713661,4.34,0.41
T0441,SRP,CGR,2026-01-14 01:43:30.580713661,2026-01-14 01:49:57.367845942,6.45,0.66
T0441,CGR,CNS,2026-01-14 01:50:27.367845942,2026-01-14 01:57:02.097744324,6.58,0.13
T0441,CNS,BDC,2026-01-14 01:57:32.097744324,2026-01-14 02:08:33.638644138,11.03,0.16
T0442,HWH,BLY,2026-01-14 00:08:34.989567758,2026-01-14 00:20:02.203762044,11.45,2.34
T0442,BLY,SRP,2026-01-14 00:20:32.203762044,2026-01-14 00:22:58.430504998,2.44,0.37
T0442,SRP,CGR,2026-01-14 00:23:28.430504998,2026-01-14 00:29:33.155105553,6.08,0.25
T0442,CGR,CNS,2026-01-14 00:30:03.155105553,2026-01-14 00:37:43.575516724,7.67,0.83
T0442,CNS,BDC,2026-01-14 00:38:13.575516724,2026-01-14 00:48:49.223499245,10.59,0.42
T0443,HWH,BLY,2026-01-14 01:27:01.234279139,2026-01-14 01:37:50.149612958,10.82,0.14
T0443,BLY,SRP,2026-01-14 01:38:20.149612958,2026-01-14 01:43:36.416796472,5.27,1.01
T0443,SRP,CGR,2026-01-14 01:44:06.416796472,2026-01-14 01:50:09.631189551,6.05,0.86
T0443,CGR,CNS,2026-01-14 01:50:39.631189551,2026-01-14 01:56:55.318553178,6.26,0.02
T0443,CNS,BDC,2026-01-14 01:57:25.318553178,2026-01-14 02:08:36.047662745,11.18,0.2
T0444,HWH,BLY,2026-01-14 00:07:12.612555789,2026-01-14 00:18:35.491906695,11.38,0.89
T0444,BLY,SRP,2026-01-14 00:19:05.491906695,2026-01-14 00:22:36.955554302,3.52,0.02
T0444,SRP,CGR,2026-01-14 00:23:06.955554302,2026-01-14 00:29:23.276930812,6.27,0.09
T0444,CGR,CNS,2026-01-14 00:29:53.276930812,2026-01-14 00:38:11.232884510,8.3,1.29
T0444,CNS,BDC,2026-01-14 00:38:41.232884510,2026-01-14 00:48:33.440530053,9.87,0.16
T0445,HWH,BLY,2026-01-14 01:27:50.769556268,2026-01-14 01:37:55.058333866,10.07,0.22
T0445,BLY,SRP,2026-01-14 01:38:25.058333866,2026-01-14 01:42:41.027521607,4.27,0.08
T0445,SRP,CGR,2026-01-14 01:43:11.027521607,2026-01-14 01:49:31.373736787,6.34,0.22
T0445,CGR,CNS,2026-01-14 01:50:01.373736787,2026-01-14 01:57:55.492551028,7.9,1.02
T0445,CNS,BDC,2026-01-14 01:58:25.492551028,2026-01-14 02:09:56.920144197,11.52,1.55
T0446,HWH,BLY,2026-01-14 00:08:25.116047998,2026-01-14 00:18:06.294839494,9.69,0.4
T0446,BLY,SRP,2026-01-14 00:18:36.294839494,2026-01-14 00:23:28.938085363,4.88,0.88
T0446,SRP,CGR,2026-01-14 00:23:58.938085363,2026-01-14 00:29:29.010883695,5.5,0.18
T0446,CGR,CNS,2026-01-14 00:29:59.010883695,2026-01-14 00:37:10.652812253,7.19,0.28
T0446,CNS,BDC,2026-01-14 00:37:40.652812253,2026-01-14 00:50:12.796734174,12.54,1.81
T0447,HWH,BLY,2026-01-14 01:27:00.628185043,2026-01-14 01:37:46.290582702,10.76,0.07
T0447,BLY,SRP,2026-01-14 01:38:16.290582702,2026-01-14 01:42:47.186413451,4.51,0.19
T0447,SRP,CGR,2026-01-14 01:43:17.186413451,2026-01-14 01:49:19.290745690,6.04,0.02
T0447,CGR,CNS,2026-01-14 01:49:49.290745690,2026-01-14 01:57:03.609744157,7.24,0.16
T0447,CNS,BDC,2026-01-14 01:57:33.609744157,2026-01-14 02:09:05.988898979,11.54,0.7
T0448,HWH,BLY,2026-01-14 00:07:26.264943281,2026-01-14 00:19:29.129424999,12.05,1.79
T0448,BLY,SRP,2026-01-14 00:19:59.129424999,2026-01-14 00:23:57.633403344,3.98,1.36
T0448,SRP,CGR,2026-01-14 00:24:27.633403344,2026-01-14 00:29:38.077094648,5.17,0.33
T0448,CGR,CNS,2026-01-14 00:30:08.077094648,2026-01-14 00:37:08.415660103,7.01,0.24
T0448,CNS,BDC,2026-01-14 00:37:38.415660103,2026-01-14 00:48:46.921910789,11.14,0.38
T0449,HWH,BLY,2026-01-14 01:27:42.831252006,2026-01-14 01:37:56.978962071,10.24,0.25
T0449,BLY,SRP,2026-01-14 01:38:26.978962071,2026-01-14 01:43:22.970987786,4.93,0.78
T0449,SRP,CGR,2026-01-14 01:43:52.970987786,2026-01-14 01:49:43.278529885,5.84,0.42
T0449,CGR,CNS,2026-01-14 01:50:13.278529885,2026-01-14 01:57:32.547233592,7.32,0.64
T0449,CNS,BDC,2026-01-14 01:58:02.547233592,2026-01-14 02:08:51.500418964,10.82,0.46
T0450,HWH,BLY,2026-01-14 00:07:16.742398812,2026-01-14 00:20:04.332826615,12.79,2.37
T0450,BLY,SRP,2026-01-14 00:20:34.332826615,2026-01-14 00:23:45.228216179,3.18,1.15
T0450,SRP,CGR,2026-01-14 00:24:15.228216179,2026-01-14 00:29:25.245815909,5.17,0.12
T0450,CGR,CNS,2026-01-14 00:29:55.245815909,2026-01-14 00:38:31.368236530,8.6,1.62
T0450,CNS,BDC,2026-01-14 00:39:01.368236530,2026-01-14 00:48:56.079375823,9.91,0.53
T0451,HWH,BLY,2026-01-14 01:28:47.977895533,2026-01-14 01:38:59.218293788,10.19,1.29
T0451,BLY,SRP,2026-01-14 01:39:29.218293788,2026-01-14 01:43:02.580317724,3.56,0.44
T0451,SRP,CGR,2026-01-14 01:43:32.580317724,2026-01-14 01:49:19.090828294,5.78,0.02
T0451,CGR,CNS,2026-01-14 01:49:49.090828294,2026-01-14 01:57:09.019226293,7.33,0.25
T0451,CNS,BDC,2026-01-14 01:57:39.019226293,2026-01-14 02:09:01.444212272,11.37,0.62
T0452,HWH,BLY,2026-01-14 00:07:48.177471932,2026-01-14 00:17:56.316224636,10.14,0.24
T0452,BLY,SRP,2026-01-14 00:18:26.316224636,2026-01-14 00:22:43.203572103,4.28,0.12
T0452,SRP,CGR,2026-01-14 00:23:13.203572103,2026-01-14 00:30:44.466580183,7.52,1.44
T0452,CGR,CNS,2026-01-14 00:31:14.466580183,2026-01-14 00:40:13.709959832,8.99,3.33
T0452,CNS,BDC,2026-01-14 00:40:43.709959832,2026-01-14 00:48:59.802938254,8.27,0.6
T0453,HWH,BLY,2026-01-14 01:27:09.041033455,2026-01-14 01:37:57.258070642,10.8,0.25
T0453,BLY,SRP,2026-01-14 01:38:27.258070642,2026-01-14 01:42:36.890970595,4.16,0.01
T0453,SRP,CGR,2026-01-14 01:43:06.890970595,2026-01-14 01:51:15.930649329,8.15,1.97
T0453,CGR,CNS,2026-01-14 01:51:45.930649329,2026-01-14 01:57:00.013490104,5.23,0.1
T0453,CNS,BDC,2026-01-14 01:57:30.013490104,2026-01-14 02:09:05.243552105,11.59,0.69
T0454,HWH,BLY,2026-01-14 00:07:15.373503772,2026-01-14 00:18:20.776104739,11.09,0.65
T0454,BLY,SRP,2026-01-14 00:18:50.776104739,2026-01-14 00:23:26.586654431,4.6,0.84
T0454,SRP,CGR,2026-01-14 00:23:56.586654431,2026-01-14 00:30:42.981081236,6.77,1.42
T0454,CGR,CNS,2026-01-14 00:31:12.981081236,2026-01-14 00:37:05.097721320,5.87,0.18
T0454,CNS,BDC,2026-01-14 00:37:35.097721320,2026-01-14 00:48:24.530723022,10.82,0.01
T0455,HWH,BLY,2026-01-14 01:27:07.065987392,2026-01-14 01:39:32.533033384,12.42,1.84
T0455,BLY,SRP,2026-01-14 01:40:02.533033384,2026-01-14 01:44:15.388864898,4.21,1.66
T0455,SRP,CGR,2026-01-14 01:44:45.388864898,2026-01-14 01:50:01.672526889,5.27,0.73
T0455,CGR,CNS,2026-01-14 01:50:31.672526889,2026-01-14 01:57:38.044018488,7.11,0.73
T0455,CNS,BDC,2026-01-14 01:58:08.044018488,2026-01-14 02:09:16.499243011,11.14,0.87
T0456,HWH,BLY,2026-01-14 00:07:09.255457374,2026-01-14 00:19:39.994058917,12.51,1.97
T0456,BLY,SRP,2026-01-14 00:20:09.994058917,2026-01-14 00:23:02.045262448,2.87,0.43
T0456,SRP,CGR,2026-01-14 00:23:32.045262448,2026-01-14 00:29:41.189318367,6.15,0.39
T0456,CGR,CNS,2026-01-14 00:30:11.189318367,2026-01-14 00:37:29.122412765,7.3,0.59
T0456,CNS,BDC,2026-01-14 00:37:59.122412765,2026-01-14 00:48:26.309023886,10.45,0.04
T0457,HWH,BLY,2026-01-14 01:27:08.729361842,2026-01-14 01:38:46.297876340,11.63,1.07
T0457,BLY,SRP,2026-01-14 01:39:16.297876340,2026-01-14 01:42:40.148557232,3.4,0.07
T0457,SRP,CGR,2026-01-14 01:43:10.148557232,2026-01-14 01:50:02.361706511,6.87,0.74
T0457,CGR,CNS,2026-01-14 01:50:32.361706511,2026-01-14 01:57:07.512001612,6.59,0.23
T0457,CNS,BDC,2026-01-14 01:57:37.512001612,2026-01-14 02:08:47.670828332,11.17,0.39
T0458,HWH,BLY,2026-01-14 00:07:16.351305213,2026-01-14 00:18:03.098326930,10.78,0.35
T0458,BLY,SRP,2026-01-14 00:18:33.098326930,2026-01-14 00:23:36.939071358,5.06,1.02
T0458,SRP,CGR,2026-01-14 00:24:06.939071358,2026-01-14 00:29:34.923433901,5.47,0.28
T0458,CGR,CNS,2026-01-14 00:30:04.923433901,2026-01-14 00:37:34.110889473,7.49,0.67
T0458,CNS,BDC,2026-01-14 00:38:04.110889473,2026-01-14 00:48:55.025269761,10.85,0.52
T0459,HWH,BLY,2026-01-14 01:27:52.303964308,2026-01-14 01:39:54.572239080,12.04,2.21
T0459,BLY,SRP,2026-01-14 01:40:24.572239080,2026-01-14 01:43:39.307453020,3.25,1.06
T0459,SRP,CGR,2026-01-14 01:44:09.307453020,2026-01-14 01:49:29.615789435,5.34,0.19
T0459,CGR,CNS,2026-01-14 01:49:59.615789435,2026-01-14 01:56:55.520624583,6.93,0.03
T0459,CNS,BDC,2026-01-14 01:57:25.520624583,2026-01-14 02:08:38.600126496,11.22,0.24
T0460,HWH,BLY,2026-01-14 00:07:43.394911289,2026-01-14 00:17:44.534173348,10.02,0.04
T0460,BLY,SRP,2026-01-14 00:18:14.534173348,2026-01-14 00:23:08.923485889,4.91,0.55
T0460,SRP,CGR,2026-01-14 00:23:38.923485889,2026-01-14 00:30:01.604584319,6.38,0.73
T0460,CGR,CNS,2026-01-14 00:30:31.604584319,2026-01-14 00:37:13.527930141,6.7,0.33
T0460,CNS,BDC,2026-01-14 00:37:43.527930141,2026-01-14 00:49:34.735198039,11.85,1.18
T0461,HWH,BLY,2026-01-14 01:27:05.410507908,2026-01-14 01:37:45.749304278,10.67,0.06
T0461,BLY,SRP,2026-01-14 01:38:15.749304278,2026-01-14 01:43:38.527075690,5.38,1.04
T0461,SRP,CGR,2026-01-14 01:44:08.527075690,2026-01-14 01:49:50.840170879,5.71,0.55
T0461,CGR,CNS,2026-01-14 01:50:20.840170879,2026-01-14 01:57:49.970047475,7.49,0.93
T0461,CNS,BDC,2026-01-14 01:58:19.970047475,2026-01-14 02:08:51.389951958,10.52,0.46
T0462,HWH,BLY,2026-01-14 00:07:13.579020180,2026-01-14 00:19:04.071537531,11.84,1.37
T0462,BLY,SRP,2026-01-14 00:19:34.071537531,2026-01-14 00:23:53.113035070,4.32,1.29
T0462,SRP,CGR,2026-01-14 00:24:23.113035070,2026-01-14 00:30:14.949543346,5.86,0.95
T0462,CGR,CNS,2026-01-14 00:30:44.949543346,2026-01-14 00:37:09.247373519,6.4,0.25
T0462,CNS,BDC,2026-01-14 00:37:39.247373519,2026-01-14 00:49:06.823722226,11.46,0.71
T0463,HWH,BLY,2026-01-14 01:27:21.494878827,2026-01-14 01:37:46.610435261,10.42,0.08
T0463,BLY,SRP,2026-01-14 01:38:16.610435261,2026-01-14 01:44:35.649592489,6.32,1.99
T0463,SRP,CGR,2026-01-14 01:45:05.649592489,2026-01-14 01:49:25.062261543,4.32,0.12
T0463,CGR,CNS,2026-01-14 01:49:55.062261543,2026-01-14 01:59:18.023551349,9.38,2.4
T0463,CNS,BDC,2026-01-14 01:59:48.023551349,2026-01-14 02:08:52.348848613,9.07,0.47
T0464,HWH,BLY,2026-01-14 00:07:09.827053531,2026-01-14 00:18:19.472152615,11.16,0.62
T0464,BLY,SRP,2026-01-14 00:18:49.472152615,2026-01-14 00:24:15.030806125,5.43,1.65
T0464,SRP,CGR,2026-01-14 00:24:45.030806125,2026-01-14 00:30:21.245173398,5.6,1.05
T0464,CGR,CNS,2026-01-14 00:30:51.245173398,2026-01-14 00:38:12.854103651,7.36,1.31
T0464,CNS,BDC,2026-01-14 00:38:42.854103651,2026-01-14 00:49:15.611410328,10.55,0.86
T0465,HWH,BLY,2026-01-14 00:07:56.570584134,2026-01-14 00:19:12.805055426,11.27,1.51
T0465,BLY,SRP,2026-01-14 00:19:42.805055426,2026-01-14 00:22:49.787496745,3.12,0.23
T0466,HWH,BLY,2026-01-14 01:07:32.266447976,2026-01-14 01:17:54.000630197,10.36,0.2
T0466,BLY,SRP,2026-01-14 01:18:24.000630197,2026-01-14 01:26:06.986804035,7.72,3.52
T0467,HWH,BLY,2026-01-14 00:09:18.406261791,2026-01-14 00:17:43.930804857,8.43,0.03
T0467,BLY,SRP,2026-01-14 00:18:13.930804857,2026-01-14 00:23:34.691115033,5.35,0.98
T0468,HWH,BLY,2026-01-14 01:09:04.492010758,2026-01-14 01:17:51.559335618,8.78,0.16
T0468,BLY,SRP,2026-01-14 01:18:21.559335618,2026-01-14 01:23:16.281740047,4.91,0.67
T0469,HWH,BLY,2026-01-14 00:08:58.601532678,2026-01-14 00:17:43.657705130,8.75,0.03
T0469,BLY,SRP,2026-01-14 00:18:13.657705130,2026-01-14 00:23:33.379701930,5.33,0.96
T0470,HWH,BLY,2026-01-14 01:27:16.938958307,2026-01-14 01:39:45.947936225,12.48,2.07
T0470,BLY,SRP,2026-01-14 01:40:15.947936225,2026-01-14 01:45:26.038556285,5.17,2.83
T0471,HWH,BLY,2026-01-14 00:09:18.584336699,2026-01-14 00:18:12.857347449,8.9,0.51
T0471,BLY,SRP,2026-01-14 00:18:42.857347449,2026-01-14 00:24:11.078913923,5.47,1.58
T0472,HWH,BLY,2026-01-14 01:48:29.348509118,2026-01-14 01:58:00.448345032,9.52,0.31
T0472,BLY,SRP,2026-01-14 01:58:30.448345032,2026-01-14 02:04:00.748681986,5.51,1.41
T0473,HWH,BLY,2026-01-14 00:07:01.810070172,2026-01-14 00:18:25.536414733,11.4,0.73
T0473,BLY,SRP,2026-01-14 00:18:55.536414733,2026-01-14 00:22:48.546059577,3.88,0.21
T0474,HWH,BLY,2026-01-14 01:47:06.166932838,2026-01-14 01:57:45.843616478,10.66,0.06
T0474,BLY,SRP,2026-01-14 01:58:15.843616478,2026-01-14 02:03:33.200541585,5.29,0.95
T0475,HWH,BLY,2026-01-14 00:07:19.935648627,2026-01-14 00:18:43.926548986,11.4,1.03
T0475,BLY,SRP,2026-01-14 00:19:13.926548986,2026-01-14 00:22:39.244316903,3.42,0.05
T0476,HWH,BLY,2026-01-14 01:47:18.180498308,2026-01-14 01:58:19.220328691,11.02,0.62
T0476,BLY,SRP,2026-01-14 01:58:49.220328691,2026-01-14 02:03:51.076672000,5.03,1.25
T0477,HWH,BLY,2026-01-14 00:07:18.423821137,2026-01-14 00:18:29.194036147,11.18,0.79
T0477,BLY,SRP,2026-01-14 00:18:59.194036147,2026-01-14 00:24:20.225359618,5.35,1.74
T0478,HWH,BLY,2026-01-14 01:47:45.924312435,2026-01-14 01:57:54.730350862,10.15,0.21
T0478,BLY,SRP,2026-01-14 01:58:24.730350862,2026-01-14 02:02:37.185763859,4.21,0.02
T0479,HWH,BLY,2026-01-14 00:08:37.967120945,2026-01-14 00:17:43.031945479,9.08,0.02
T0479,BLY,SRP,2026-01-14 00:18:13.031945479,2026-01-14 00:24:15.698772797,6.04,1.66
T0480,HWH,BLY,2026-01-14 01:42:36.132658582,2026-01-14 01:54:56.303608454,12.34,2.24
T0480,BLY,SRP,2026-01-14 01:55:26.303608454,2026-01-14 01:58:52.961881105,3.44,1.28
T0481,HWH,BLY,2026-01-14 00:11:56.745331720,2026-01-14 00:18:02.730173608,6.1,0.35
T0481,BLY,SRP,2026-01-14 00:18:32.730173608,2026-01-14 00:23:45.961212437,5.22,1.17
T0482,HWH,BLY,2026-01-14 01:32:24.674352125,2026-01-14 01:43:13.376990605,10.81,0.52
T0482,BLY,SRP,2026-01-14 01:43:43.376990605,2026-01-14 01:48:23.401579566,4.67,0.79
T0483,HWH,BLY,2026-01-14 00:08:39.307875073,2026-01-14 00:21:00.739057768,12.36,3.31
T0483,BLY,SRP,2026-01-14 00:21:30.739057768,2026-01-14 00:23:46.185461296,2.26,1.17
T0484,HWH,BLY,2026-01-14 01:47:25.962441292,2026-01-14 01:58:08.259339639,10.7,0.44
T0484,BLY,SRP,2026-01-14 01:58:38.259339639,2026-01-14 02:03:40.215253246,5.03,1.07
T0485,HWH,BLY,2026-01-14 00:07:13.095797762,2026-01-14 00:17:47.619200139,10.58,0.09
T0485,BLY,SRP,2026-01-14 00:18:17.619200139,2026-01-14 00:22:57.020127916,4.66,0.35
T0486,HWH,BLY,2026-01-14 01:47:16.253237108,2026-01-14 01:57:58.867905107,10.71,0.28
T0486,BLY,SRP,2026-01-14 01:58:28.867905107,2026-01-14 02:02:48.770935966,4.33,0.21
T0487,HWH,BLY,2026-01-14 00:07:02.064229484,2026-01-14 00:17:42.865708935,10.68,0.01
T0487,BLY,SRP,2026-01-14 00:18:12.865708935,2026-01-14 00:26:07.198942997,7.91,3.52
T0488,HWH,BLY,2026-01-14 01:47:26.794547850,2026-01-14 01:58:05.281858917,10.64,0.39
T0488,BLY,SRP,2026-01-14 01:58:35.281858917,2026-01-14 02:03:30.639967134,4.92,0.91
T0489,HWH,BLY,2026-01-14 00:07:11.818812285,2026-01-14 00:20:05.757900179,12.9,2.4
T0489,BLY,SRP,2026-01-14 00:20:35.757900179,2026-01-14 00:23:50.082853530,3.24,1.23
T0490,HWH,BLY,2026-01-14 01:47:04.495854654,2026-01-14 01:58:07.947109153,11.06,0.43
T0490,BLY,SRP,2026-01-14 01:58:37.947109153,2026-01-14 02:04:17.421262086,5.66,1.69
T0491,HWH,BLY,2026-01-14 00:09:18.986956949,2026-01-14 00:18:12.239397268,8.89,0.5
T0491,BLY,SRP,2026-01-14 00:18:42.239397268,2026-01-14 00:23:21.618920283,4.66,0.76
T0492,HWH,BLY,2026-01-14 01:47:08.772594684,2026-01-14 02:01:29.013344932,14.34,3.78
T0492,BLY,SRP,2026-01-14 02:01:59.013344932,2026-01-14 02:02:48.649831920,0.83,0.21
T0493,HWH,BLY,2026-01-14 00:09:17.280447911,2026-01-14 00:18:32.343026854,9.25,0.84
T0493,BLY,SRP,2026-01-14 00:19:02.343026854,2026-01-14 00:23:20.919466697,4.31,0.75
T0494,HWH,BLY,2026-01-14 01:47:34.504884124,2026-01-14 01:57:54.587281346,10.33,0.21
T0494,BLY,SRP,2026-01-14 01:58:24.587281346,2026-01-14 02:02:45.322836961,4.35,0.16
T0495,HWH,BLY,2026-01-14 00:07:11.956075133,2026-01-14 00:17:51.904006250,10.67,0.17
T0495,BLY,SRP,2026-01-14 00:18:21.904006250,2026-01-14 00:23:48.587556363,5.44,1.21
T0496,HWH,BLY,2026-01-14 01:47:20.686830771,2026-01-14 01:57:44.859984399,10.4,0.05
T0496,BLY,SRP,2026-01-14 01:58:14.859984399,2026-01-14 02:05:22.900042393,7.13,2.78
T0497,HWH,BLY,2026-01-14 00:08:43.311406561,2026-01-14 00:19:48.127418582,11.08,2.1
T0497,BLY,SRP,2026-01-14 00:20:18.127418582,2026-01-14 00:26:49.442388914,6.52,4.22
T0498,HWH,BLY,2026-01-14 01:47:09.169617435,2026-01-14 01:58:06.219929034,10.95,0.4
T0498,BLY,SRP,2026-01-14 01:58:36.219929034,2026-01-14 02:03:44.150566823,5.13,1.14
T0499,HWH,BLY,2026-01-14 00:07:57.158179316,2026-01-14 00:17:50.021418470,9.88,0.13
T0499,BLY,SRP,2026-01-14 00:18:20.021418470,2026-01-14 00:23:57.211824143,5.62,1.35
T0500,HWH,BLY,2026-01-14 01:47:12.200192027,2026-01-14 01:57:54.161652190,10.7,0.2
T0500,BLY,SRP,2026-01-14 01:58:24.161652190,2026-01-14 02:03:12.958703245,4.81,0.62
T0501,HWH,BLY,2026-01-14 00:07:43.142137160,2026-01-14 00:18:23.649880585,10.68,0.69
T0501,BLY,SRP,2026-01-14 00:18:53.649880585,2026-01-14 00:22:40.605403342,3.78,0.08
T0502,HWH,BLY,2026-01-14 01:48:40.767590941,2026-01-14 01:57:56.817671888,9.27,0.25
T0502,BLY,SRP,2026-01-14 01:58:26.817671888,2026-01-14 02:02:42.657823726,4.26,0.11
T0503,HWH,BLY,2026-01-14 00:08:45.405988727,2026-01-14 00:20:11.552464932,11.44,2.49
T0503,BLY,SRP,2026-01-14 00:20:41.552464932,2026-01-14 00:24:11.108485654,3.49,1.59
T0504,HWH,BLY,2026-01-14 01:48:19.592998547,2026-01-14 01:58:33.115800057,10.23,0.85
T0504,BLY,SRP,2026-01-14 01:59:03.115800057,2026-01-14 02:03:14.419909515,4.19,0.64
T0505,HWH,BLY,2026-01-14 00:07:04.368235044,2026-01-14 00:18:07.200695995,11.05,0.42
T0505,BLY,SRP,2026-01-14 00:18:37.200695995,2026-01-14 00:22:58.382979774,4.35,0.37
T0506,HWH,BLY,2026-01-14 01:47:14.437076326,2026-01-14 01:58:43.692267839,11.49,1.03
T0506,BLY,SRP,2026-01-14 01:59:13.692267839,2026-01-14 02:03:08.876759228,3.92,0.55
T0507,HWH,BLY,2026-01-14 00:07:04.056933467,2026-01-14 00:17:53.937420536,10.83,0.2
T0507,BLY,SRP,2026-01-14 00:18:23.937420536,2026-01-14 00:23:31.184166124,5.12,0.92
T0508,HWH,BLY,2026-01-14 01:47:03.800872329,2026-01-14 01:59:13.449533906,12.16,1.52
T0508,BLY,SRP,2026-01-14 01:59:43.449533906,2026-01-14 02:03:08.807378126,3.42,0.55
T0509,HWH,BLY,2026-01-14 00:07:31.442646596,2026-01-14 00:18:25.079427676,10.89,0.72
T0509,BLY,SRP,2026-01-14 00:18:55.079427676,2026-01-14 00:23:59.575099821,5.07,1.39
T0510,HWH,BLY,2026-01-14 01:47:20.516070429,2026-01-14 01:58:36.396187100,11.26,0.91
T0510,BLY,SRP,2026-01-14 01:59:06.396187100,2026-01-14 02:03:16.036480369,4.16,0.67
T0511,HWH,BLY,2026-01-14 00:07:14.911110988,2026-01-14 00:19:23.227748901,12.14,1.69
T0511,BLY,SRP,2026-01-14 00:19:53.227748901,2026-01-14 00:23:52.639206420,3.99,1.28
T0512,HWH,BLY,2026-01-14 01:47:51.564795330,2026-01-14 01:59:13.248274489,11.36,1.52
T0512,BLY,SRP,2026-01-14 01:59:43.248274489,2026-01-14 02:04:12.941790634,4.49,1.62
T0513,HWH,BLY,2026-01-14 01:47:59.147775403,2026-01-14 01:59:09.076168829,11.17,1.45
T0513,BLY,SRP,2026-01-14 01:59:39.076168829,2026-01-14 02:03:33.387823889,3.91,0.96
T0514,HWH,BLY,2026-01-14 00:07:54.713966002,2026-01-14 00:18:28.268948113,10.56,0.77
T0514,BLY,SRP,2026-01-14 00:18:58.268948113,2026-01-14 00:23:43.066578798,4.75,1.12
T0515,HWH,BLY,2026-01-14 01:57:08.289320422,2026-01-14 02:09:24.122223266,12.26,1.7
T0515,BLY,SRP,2026-01-14 02:09:54.122223266,2026-01-14 02:14:14.616159462,4.34,1.64
T0516,HWH,BLY,2026-01-14 00:07:01.424808554,2026-01-14 00:19:05.887074061,12.07,1.4
T0516,BLY,SRP,2026-01-14 00:19:35.887074061,2026-01-14 00:22:42.622267555,3.11,0.11
T0517,HWH,BLY,2026-01-14 01:57:19.591055160,2026-01-14 02:08:47.311622551,11.46,1.09
T0517,BLY,SRP,2026-01-14 02:09:17.311622551,2026-01-14 02:12:44.412404867,3.45,0.14
T0518,HWH,BLY,2026-01-14 00:08:21.771236263,2026-01-14 00:19:07.660334256,10.76,1.43
T0518,BLY,SRP,2026-01-14 00:19:37.660334256,2026-01-14 00:23:09.993374654,3.54,0.57
T0519,HWH,BLY,2026-01-14 01:57:00.307504733,2026-01-14 02:07:58.239712450,10.97,0.27
T0519,BLY,SRP,2026-01-14 02:08:28.239712450,2026-01-14 02:13:22.057415729,4.9,0.77
T0520,HWH,BLY,2026-01-14 00:10:10.711846462,2026-01-14 00:18:29.959955956,8.32,0.8
T0520,BLY,SRP,2026-01-14 00:18:59.959955956,2026-01-14 00:22:50.440305456,3.84,0.24
T0521,HWH,BLY,2026-01-14 01:57:48.246601341,2026-01-14 02:08:19.271856325,10.52,0.62
T0521,BLY,SRP,2026-01-14 02:08:49.271856325,2026-01-14 02:13:48.644411046,4.99,1.21
T0522,HWH,BLY,2026-01-14 00:07:05.431056830,2026-01-14 00:18:50.707607075,11.75,1.15
T0522,BLY,SRP,2026-01-14 00:19:20.707607075,2026-01-14 00:23:13.405728915,3.88,0.62
T0523,HWH,BLY,2026-01-14 01:54:38.237821332,2026-01-14 02:03:02.081092319,8.4,0.33
T0523,BLY,SRP,2026-01-14 02:03:32.081092319,2026-01-14 02:08:24.065457472,4.87,0.8
T0524,HWH,BLY,2026-01-14 00:09:09.055726827,2026-01-14 00:17:47.191343887,8.64,0.09
T0524,BLY,SRP,2026-01-14 00:18:17.191343887,2026-01-14 00:24:48.876188488,6.53,2.21
T0525,HWH,BLY,2026-01-14 01:57:55.890522410,2026-01-14 02:07:45.371887213,9.82,0.06
T0525,BLY,SRP,2026-01-14 02:08:15.371887213,2026-01-14 02:12:53.186515988,4.63,0.29
T0526,HWH,BLY,2026-01-14 00:07:59.116367765,2026-01-14 00:17:45.346844514,9.77,0.06
T0526,BLY,SRP,2026-01-14 00:18:15.346844514,2026-01-14 00:23:17.888722996,5.04,0.7
T0527,HWH,BLY,2026-01-14 01:57:20.374518312,2026-01-14 02:08:28.559817142,11.14,0.78
T0527,BLY,SRP,2026-01-14 02:08:58.559817142,2026-01-14 02:12:38.247419485,3.66,0.04
T0528,HWH,BLY,2026-01-14 01:58:38.501416554,2026-01-14 02:10:36.249330006,11.96,2.9
T0528,BLY,SRP,2026-01-14 02:11:06.249330006,2026-01-14 02:15:22.552111895,4.27,2.78
T0529,HWH,BLY,2026-01-14 00:08:06.475327534,2026-01-14 00:17:48.689337544,9.7,0.11
T0529,BLY,SRP,2026-01-14 00:18:18.689337544,2026-01-14 00:23:44.155475095,5.42,1.14
T0530,BLY,SRP,2026-01-14 00:07:01.194922669,2026-01-14 00:11:25.073853491,4.4,0.02
T0530,SRP,CGR,2026-01-14 00:11:55.073853491,2026-01-14 00:18:24.767316970,6.49,0.31
T0530,CGR,CNS,2026-01-14 00:18:54.767316970,2026-01-14 00:26:14.193008396,7.32,0.54
T0530,CNS,BDC,2026-01-14 00:26:44.193008396,2026-01-14 00:38:22.629548284,11.64,1.18
T0531,BLY,SRP,2026-01-14 01:12:55.189714890,2026-01-14 01:16:52.339919394,3.95,0.47
T0531,SRP,CGR,2026-01-14 01:17:22.339919394,2026-01-14 01:23:21.345175802,5.98,0.26
T0531,CGR,CNS,2026-01-14 01:23:51.345175802,2026-01-14 01:35:22.873380559,11.53,4.68
T0531,CNS,BDC,2026-01-14 01:35:52.873380559,2026-01-14 01:42:38.661205925,6.76,0.44
T0570,HWH,BLY,2026-01-14 00:07:46.022769092,2026-01-14 00:18:58.429081868,11.21,1.27
T0570,BLY,SRP,2026-01-14 00:19:28.429081868,2026-01-14 00:23:07.529201292,3.65,0.53
T0570,SRP,CGR,2026-01-14 00:23:37.529201292,2026-01-14 00:29:23.989399880,5.77,0.1
T0570,CGR,CNS,2026-01-14 00:29:53.989399880,2026-01-14 00:37:00.419699957,7.11,0.11
T0570,CNS,BDC,2026-01-14 00:37:30.419699957,2026-01-14 00:49:19.534983117,11.82,0.93
T0571,HWH,CGR,2026-01-14 01:17:27.007474556,2026-01-14 01:25:10.742384394,7.73,0.18
T0571,CGR,CNS,2026-01-14 01:25:40.742384394,2026-01-14 01:33:08.470848643,7.46,0.54
T0571,CNS,BDC,2026-01-14 01:33:38.470848643,2026-01-14 01:44:09.185426438,10.51,0.05
T0572,HWH,BLY,2026-01-14 01:42:41.865860751,2026-01-14 01:52:57.039974237,10.25,0.25
T0572,BLY,SRP,2026-01-14 01:53:27.039974237,2026-01-14 01:58:52.670749921,5.43,1.28
T0572,SRP,CGR,2026-01-14 01:59:22.670749921,2026-01-14 02:04:35.836243064,5.22,0.3
T0572,CGR,CNS,2026-01-14 02:05:05.836243064,2026-01-14 02:12:23.153928441,7.29,0.49
T0572,CNS,BDC,2026-01-14 02:12:53.153928441,2026-01-14 02:23:24.561052130,10.52,0.01
T0573,HWH,SRP,2026-01-14 00:07:03.609850670,2026-01-14 00:15:23.922839860,8.34,0.4
T0573,SRP,CGR,2026-01-14 00:15:53.922839860,2026-01-14 00:22:13.382824741,6.32,0.52
T0573,CGR,CNS,2026-01-14 00:22:43.382824741,2026-01-14 00:30:01.984420967,7.31,0.73
T0573,CNS,BDC,2026-01-14 00:30:31.984420967,2026-01-14 00:41:04.552066323,10.54,0.28
T0574,HWH,SRP,2026-01-14 01:32:56.994437490,2026-01-14 01:41:34.415400211,8.62,1.57
T0574,SRP,CGR,2026-01-14 01:42:04.415400211,2026-01-14 01:47:54.645630657,5.84,1.21
T0574,CGR,CNS,2026-01-14 01:48:24.645630657,2026-01-14 01:54:19.940400787,5.92,0.03
T0574,CNS,BDC,2026-01-14 01:54:49.940400787,2026-01-14 02:06:19.435288392,11.49,0.52
T0575,HWH,BLY,2026-01-14 00:07:05.320970438,2026-01-14 00:17:55.302301573,10.83,0.22
T0575,BLY,SRP,2026-01-14 00:18:25.302301573,2026-01-14 00:26:03.224767451,7.63,3.45
T0575,SRP,CGR,2026-01-14 00:26:33.224767451,2026-01-14 00:29:25.378987304,2.87,0.12
T0575,CGR,CNS,2026-01-14 00:29:55.378987304,2026-01-14 00:37:27.164445898,7.53,0.55
T0575,CNS,BDC,2026-01-14 00:37:57.164445898,2026-01-14 00:49:10.211636878,11.22,0.77
T0576,HWH,BLY,2026-01-14 02:22:58.186719113,2026-01-14 02:33:21.368756353,10.39,0.66
T0576,BLY,SRP,2026-01-14 02:33:51.368756353,2026-01-14 02:37:36.471306978,3.75,0.01
T0576,SRP,CGR,2026-01-14 02:38:06.471306978,2026-01-14 02:44:36.970072127,6.51,0.32
T0576,CGR,CNS,2026-01-14 02:45:06.970072127,2026-01-14 02:52:29.002228491,7.37,0.58
T0576,CNS,BDC,2026-01-14 02:52:59.002228491,2026-01-14 03:03:28.414508020,10.49,0.07
T0577,HWH,BLY,2026-01-14 00:07:20.723898772,2026-01-14 00:17:43.620808593,10.38,0.03
T0577,BLY,SRP,2026-01-14 00:18:13.620808593,2026-01-14 00:22:39.928209101,4.44,0.07
T0577,SRP,CGR,2026-01-14 00:23:09.928209101,2026-01-14 00:29:42.274120969,6.54,0.4
T0577,CGR,CNS,2026-01-14 00:30:12.274120969,2026-01-14 00:37:00.834648284,6.81,0.11
T0577,CNS,BDC,2026-01-14 00:37:30.834648284,2026-01-14 00:49:04.236835388,11.56,0.67
T0578,HWH,BLY,2026-01-14 02:22:56.134011031,2026-01-14 02:33:59.394034517,11.05,1.29
T0578,BLY,SRP,2026-01-14 02:34:29.394034517,2026-01-14 02:37:46.719905964,3.29,0.18
T0578,SRP,CGR,2026-01-14 02:38:16.719905964,2026-01-14 02:44:26.798454486,6.17,0.15
T0578,CGR,CNS,2026-01-14 02:44:56.798454486,2026-01-14 02:51:59.301543229,7.04,0.09
T0578,CNS,BDC,2026-01-14 02:52:29.301543229,2026-01-14 03:04:12.565637505,11.72,0.81
T0579,HWH,BLY,2026-01-14 00:07:58.838157096,2026-01-14 00:17:43.540595843,9.75,0.03
T0579,BLY,SRP,2026-01-14 00:18:13.540595843,2026-01-14 00:24:48.105314613,6.58,2.2
T0579,SRP,CGR,2026-01-14 00:25:18.105314613,2026-01-14 00:29:20.561783312,4.04,0.04
T0579,CGR,CNS,2026-01-14 00:29:50.561783312,2026-01-14 00:37:31.408842628,7.68,0.62
T0579,CNS,BDC,2026-01-14 00:38:01.408842628,2026-01-14 00:49:23.262720194,11.36,0.99
T0580,HWH,BLY,2026-01-14 02:23:38.289770517,2026-01-14 02:33:42.099238697,10.06,1.0
T0580,BLY,SRP,2026-01-14 02:34:12.099238697,2026-01-14 02:38:53.669561884,4.69,1.29
T0580,SRP,CGR,2026-01-14 02:39:23.669561884,2026-01-14 02:44:37.904771959,5.24,0.33
T0580,CGR,CNS,2026-01-14 02:45:07.904771959,2026-01-14 02:53:14.949819328,8.12,1.35
T0580,CNS,BDC,2026-01-14 02:53:44.949819328,2026-01-14 03:03:28.008309588,9.72,0.07
T0606,HWH,BLY,2026-01-14 00:07:10.683445366,2026-01-14 00:18:36.727094173,11.43,0.91
T0606,BLY,SRP,2026-01-14 00:19:06.727094173,2026-01-14 00:22:39.596993848,3.55,0.06
T0606,SRP,CGR,2026-01-14 00:23:09.596993848,2026-01-14 00:29:19.494341593,6.16,0.02
T0606,CGR,CNS,2026-01-14 00:29:49.494341593,2026-01-14 00:37:08.302980150,7.31,0.24
T0606,CNS,BDC,2026-01-14 00:37:38.302980150,2026-01-14 00:48:53.810654489,11.26,0.5
T0607,HWH,BLY,2026-01-14 02:43:37.296956409,2026-01-14 02:53:44.347342983,10.12,1.04
T0607,BLY,SRP,2026-01-14 02:54:14.347342983,2026-01-14 02:58:41.161819427,4.45,1.09
T0607,SRP,CGR,2026-01-14 02:59:11.161819427,2026-01-14 03:04:44.603691811,5.56,0.44
T0607,CGR,CNS,2026-01-14 03:05:14.603691811,2026-01-14 03:12:14.378329569,7.0,0.34
T0607,CNS,BDC,2026-01-14 03:12:44.378329569,2026-01-14 03:23:46.256911226,11.03,0.37
T0608,HWH,BLY,2026-01-14 00:10:30.915066792,2026-01-14 00:17:43.964915618,7.22,0.03
T0608,BLY,SRP,2026-01-14 00:18:13.964915618,2026-01-14 00:24:12.846863604,5.98,1.61
T0608,SRP,CGR,2026-01-14 00:24:42.846863604,2026-01-14 00:29:59.488883584,5.28,0.69
T0608,CGR,CNS,2026-01-14 00:30:29.488883584,2026-01-14 00:37:21.712755889,6.87,0.46
T0608,CNS,BDC,2026-01-14 00:37:51.712755889,2026-01-14 00:49:26.012235239,11.57,1.03
T0609,HWH,BLY,2026-01-14 02:52:32.008046572,2026-01-14 03:04:21.211504380,11.82,1.65
T0609,BLY,SRP,2026-01-14 03:04:51.211504380,2026-01-14 03:09:26.862167021,4.59,1.85
T0609,SRP,CGR,2026-01-14 03:09:56.862167021,2026-01-14 03:14:44.289537664,4.79,0.44
T0609,CGR,CNS,2026-01-14 03:15:14.289537664,2026-01-14 03:22:09.557179540,6.92,0.26
T0609,CNS,BDC,2026-01-14 03:22:39.557179540,2026-01-14 03:34:07.072661853,11.46,0.72
T0610,HWH,BLY,2026-01-14 00:08:56.858685097,2026-01-14 00:17:53.354923149,8.94,0.19
T0610,BLY,SRP,2026-01-14 00:18:23.354923149,2026-01-14 00:23:22.820229969,4.99,0.78
T0610,SRP,CGR,2026-01-14 00:23:52.820229969,2026-01-14 00:30:05.926944010,6.22,0.8
T0610,CGR,CNS,2026-01-14 00:30:35.926944010,2026-01-14 00:37:57.404640726,7.36,1.06
T0610,CNS,BDC,2026-01-14 00:38:27.404640726,2026-01-14 00:48:30.771150225,10.06,0.11
T0611,HWH,BLY,2026-01-14 02:53:00.391915638,2026-01-14 03:04:37.068153901,11.61,1.92
T0611,BLY,SRP,2026-01-14 03:05:07.068153901,2026-01-14 03:07:45.507098917,2.64,0.16
T0611,SRP,CGR,2026-01-14 03:08:15.507098917,2026-01-14 03:14:31.018060400,6.26,0.22
T0611,CGR,CNS,2026-01-14 03:15:01.018060400,2026-01-14 03:24:44.600497865,9.73,2.84
T0611,CNS,BDC,2026-01-14 03:25:14.600497865,2026-01-14 03:33:33.582866628,8.32,0.16
T0612,HWH,BLY,2026-01-14 00:08:32.485908852,2026-01-14 00:18:14.535405242,9.7,0.54
T0612,BLY,SRP,2026-01-14 00:18:44.535405242,2026-01-14 00:22:49.631854559,4.08,0.23
T0612,SRP,CGR,2026-01-14 00:23:19.631854559,2026-01-14 00:30:56.208288083,7.61,1.64
T0612,CGR,CNS,2026-01-14 00:31:26.208288083,2026-01-14 00:37:22.288191626,5.93,0.47
T0612,CNS,BDC,2026-01-14 00:37:52.288191626,2026-01-14 00:48:58.715033716,11.11,0.58
T0613,HWH,BLY,2026-01-14 02:52:21.364318040,2026-01-14 03:03:25.143424448,11.06,0.72
T0613,BLY,SRP,2026-01-14 03:03:55.143424448,2026-01-14 03:07:44.570750285,3.82,0.14
T0613,SRP,CGR,2026-01-14 03:08:14.570750285,2026-01-14 03:14:41.811403505,6.45,0.4
T0613,CGR,CNS,2026-01-14 03:15:11.811403505,2026-01-14 03:24:41.383586007,9.49,2.79
T0613,CNS,BDC,2026-01-14 03:25:11.383586007,2026-01-14 03:33:38.332122260,8.45,0.24
T0614,HWH,BLY,2026-01-14 00:07:51.324354456,2026-01-14 00:18:00.879561810,10.16,0.31
T0614,BLY,SRP,2026-01-14 00:18:30.879561810,2026-01-14 00:23:47.274801153,5.27,1.19
T0614,SRP,CGR,2026-01-14 00:24:17.274801153,2026-01-14 00:29:24.732805421,5.12,0.11
T0614,CGR,CNS,2026-01-14 00:29:54.732805421,2026-01-14 00:39:42.029301812,9.79,2.8
T0614,CNS,BDC,2026-01-14 00:40:12.029301812,2026-01-14 00:48:53.028044263,8.68,0.48
T0615,HWH,BLY,2026-01-14 02:52:12.924170087,2026-01-14 03:02:45.664210682,10.55,0.06
T0615,BLY,SRP,2026-01-14 03:03:15.664210682,2026-01-14 03:07:44.929821125,4.49,0.15
T0615,SRP,CGR,2026-01-14 03:08:14.929821125,2026-01-14 03:14:53.207920580,6.64,0.59
T0615,CGR,CNS,2026-01-14 03:15:23.207920580,2026-01-14 03:22:13.727283830,6.84,0.33
T0615,CNS,BDC,2026-01-14 03:22:43.727283830,2026-01-14 03:34:48.739674437,12.08,1.41
T0616,HWH,BLY,2026-01-14 00:07:27.056505152,2026-01-14 00:17:55.726523374,10.48,0.23
T0616,BLY,SRP,2026-01-14 00:18:25.726523374,2026-01-14 00:23:22.084747995,4.94,0.77
T0616,SRP,CGR,2026-01-14 00:23:52.084747995,2026-01-14 00:30:16.887485134,6.41,0.98
T0616,CGR,CNS,2026-01-14 00:30:46.887485134,2026-01-14 00:37:02.773053488,6.26,0.15
T0616,CNS,BDC,2026-01-14 00:37:32.773053488,2026-01-14 00:48:32.806332966,11.0,0.15
T0617,HWH,BDC,2026-01-14 00:17:01.793314944,2026-01-14 00:26:03.999845797,9.04,1.07
T0618,HWH,BLY,2026-01-14 00:07:52.323001207,2026-01-14 00:18:12.895400142,10.34,0.51
T0618,BLY,SRP,2026-01-14 00:18:42.895400142,2026-01-14 00:24:05.231639552,5.37,1.49
T0618,SRP,CGR,2026-01-14 00:24:35.231639552,2026-01-14 00:30:36.633519416,6.02,1.31
T0618,CGR,CNS,2026-01-14 00:31:06.633519416,2026-01-14 00:37:36.255888654,6.49,0.7
T0618,CNS,BDC,2026-01-14 00:38:06.255888654,2026-01-14 00:50:01.296510073,11.92,1.62
T0619,HWH,SRP,2026-01-14 02:22:11.062648817,2026-01-14 02:30:05.697265026,7.91,0.09
T0619,SRP,CGR,2026-01-14 02:30:35.697265026,2026-01-14 02:36:57.089654674,6.36,0.25
T0619,CGR,CNS,2026-01-14 02:37:27.089654674,2026-01-14 02:44:20.821493123,6.9,0.05
T0619,CNS,BDC,2026-01-14 02:44:50.821493123,2026-01-14 02:56:24.360674056,11.56,0.61
T0620,HWH,BLY,2026-01-14 00:09:12.402297859,2026-01-14 00:17:43.926643987,8.53,0.03
T0620,BLY,SRP,2026-01-14 00:18:13.926643987,2026-01-14 00:22:42.251226239,4.47,0.1
T0620,SRP,CGR,2026-01-14 00:23:12.251226239,2026-01-14 00:29:46.888475918,6.58,0.48
T0620,CGR,CNS,2026-01-14 00:30:16.888475918,2026-01-14 00:39:04.378015386,8.79,2.17
T0620,CNS,BDC,2026-01-14 00:39:34.378015386,2026-01-14 00:48:42.241229330,9.13,0.3
T0621,HWH,SRP,2026-01-14 01:52:33.970680181,2026-01-14 02:00:02.038163184,7.47,0.03
T0621,SRP,CGR,2026-01-14 02:00:32.038163184,2026-01-14 02:06:49.707439264,6.29,0.13
T0621,CGR,CNS,2026-01-14 02:07:19.707439264,2026-01-14 02:17:45.108052057,10.42,3.45
T0621,CNS,BDC,2026-01-14 02:18:15.108052057,2026-01-14 02:28:29.078606775,10.23,2.68
T0622,HWH,BLY,2026-01-14 00:07:00.237706702,2026-01-14 00:20:07.566758336,13.12,2.43
T0622,BLY,SRP,2026-01-14 00:20:37.566758336,2026-01-14 00:23:24.922061451,2.79,0.82
T0622,SRP,CGR,2026-01-14 00:23:54.922061451,2026-01-14 00:30:55.168059214,7.0,1.62
T0622,CGR,CNS,2026-01-14 00:31:25.168059214,2026-01-14 00:37:23.111628916,5.97,0.49
T0622,CNS,BDC,2026-01-14 00:37:53.111628916,2026-01-14 00:48:58.792131297,11.09,0.58
T0623,HWH,SRP,2026-01-14 02:17:32.212103976,2026-01-14 02:25:52.761851379,8.34,0.88
T0623,SRP,CGR,2026-01-14 02:26:22.761851379,2026-01-14 02:31:49.220037802,5.44,0.12
T0623,CGR,CNS,2026-01-14 02:32:19.220037802,2026-01-14 02:39:19.460735084,7.0,0.02
T0623,CNS,BDC,2026-01-14 02:39:49.460735084,2026-01-14 02:51:05.667268224,11.27,0.29
T0624,HWH,BLY,2026-01-14 00:07:58.545520681,2026-01-14 00:17:52.822226612,9.9,0.18
T0624,BLY,SRP,2026-01-14 00:18:22.822226612,2026-01-14 00:23:29.717683647,5.11,0.9
T0624,SRP,CGR,2026-01-14 00:23:59.717683647,2026-01-14 00:32:06.174258731,8.11,2.8
T0624,CGR,CNS,2026-01-14 00:32:36.174258731,2026-01-14 00:36:58.733106898,4.38,0.08
T0624,CNS,BDC,2026-01-14 00:37:28.733106898,2026-01-14 00:49:17.595796027,11.81,0.89
T0625,HWH,SRP,2026-01-14 02:17:28.153816308,2026-01-14 02:26:37.249517865,9.15,1.62
T0625,SRP,CGR,2026-01-14 02:27:07.249517865,2026-01-14 02:31:51.359092754,4.74,0.16
T0625,CGR,CNS,2026-01-14 02:32:21.359092754,2026-01-14 02:40:14.625114066,7.89,0.94
T0625,CNS,BDC,2026-01-14 02:40:44.625114066,2026-01-14 02:52:15.401801356,11.51,1.46
T0626,HWH,BLY,2026-01-14 00:09:18.884754594,2026-01-14 00:18:37.182539279,9.3,0.92
T0626,BLY,SRP,2026-01-14 00:19:07.182539279,2026-01-14 00:23:09.000605405,4.03,0.55
T0626,SRP,CGR,2026-01-14 00:23:39.000605405,2026-01-14 00:30:04.172873066,6.42,0.77
T0626,CGR,CNS,2026-01-14 00:30:34.172873066,2026-01-14 00:38:31.527979649,7.96,1.63
T0626,CNS,BDC,2026-01-14 00:39:01.527979649,2026-01-14 00:49:04.578676419,10.05,0.68
T0627,HWH,BLY,2026-01-14 02:52:01.481199251,2026-01-14 03:04:50.299464350,12.81,2.14
T0627,BLY,SRP,2026-01-14 03:05:20.299464350,2026-01-14 03:08:32.143561728,3.2,0.94
T0627,SRP,CGR,2026-01-14 03:09:02.143561728,2026-01-14 03:15:12.172682106,6.17,0.9
T0627,CGR,CNS,2026-01-14 03:15:42.172682106,2026-01-14 03:22:05.660735904,6.39,0.19
T0627,CNS,BDC,2026-01-14 03:22:35.660735904,2026-01-14 03:34:15.625775696,11.67,0.86
T0628,HWH,BLY,2026-01-14 00:07:24.031275115,2026-01-14 00:18:32.560854512,11.14,0.84
T0628,BLY,SRP,2026-01-14 00:19:02.560854512,2026-01-14 00:22:41.410227301,3.65,0.09
T0628,SRP,CGR,2026-01-14 00:23:11.410227301,2026-01-14 00:30:09.479631286,6.97,0.86
T0628,CGR,CNS,2026-01-14 00:30:39.479631286,2026-01-14 00:42:51.202699665,12.2,5.95
T0628,CNS,BDC,2026-01-14 00:43:21.202699665,2026-01-14 00:48:26.371823946,5.09,0.04
T0629,HWH,BLY,2026-01-14 02:55:01.433429402,2026-01-14 03:03:07.075472757,8.09,0.42
T0629,BLY,SRP,2026-01-14 03:03:37.075472757,2026-01-14 03:09:14.209606128,5.62,1.64
T0629,SRP,CGR,2026-01-14 03:09:44.209606128,2026-01-14 03:15:31.201442732,5.78,1.22
T0629,CGR,CNS,2026-01-14 03:16:01.201442732,2026-01-14 03:22:34.178645084,6.55,0.67
T0629,CNS,BDC,2026-01-14 03:23:04.178645084,2026-01-14 03:34:28.374085720,11.4,1.07
T0630,HWH,SRP,2026-01-14 00:08:41.182516846,2026-01-14 00:15:24.852003775,6.73,0.41
T0630,SRP,CGR,2026-01-14 00:15:54.852003775,2026-01-14 00:22:01.010842789,6.1,0.32
T0630,CGR,CNS,2026-01-14 00:22:31.010842789,2026-01-14 00:30:10.867023224,7.66,0.88
T0630,CNS,BDC,2026-01-14 00:30:40.867023224,2026-01-14 00:42:07.173976462,11.44,1.32
T0631,HWH,BLY,2026-01-14 02:53:08.960801703,2026-01-14 03:03:58.731142869,10.83,1.28
T0631,BLY,SRP,2026-01-14 03:04:28.731142869,2026-01-14 03:08:03.454199843,3.58,0.46
T0631,SRP,CGR,2026-01-14 03:08:33.454199843,2026-01-14 03:15:39.736229106,7.1,1.36
T0631,CGR,CNS,2026-01-14 03:16:09.736229106,2026-01-14 03:22:00.147406207,5.84,0.1
T0631,CNS,BDC,2026-01-14 03:22:30.147406207,2026-01-14 03:34:01.744110160,11.53,0.63
T0632,HWH,SRP,2026-01-14 00:07:00.277214664,2026-01-14 00:15:18.836601165,8.31,0.31
T0632,SRP,CGR,2026-01-14 00:15:48.836601165,2026-01-14 00:22:03.908859006,6.25,0.37
T0632,CGR,CNS,2026-01-14 00:22:33.908859006,2026-01-14 00:29:42.214417689,7.14,0.4
T0632,CNS,BDC,2026-01-14 00:30:12.214417689,2026-01-14 00:41:45.070872097,11.55,0.95
T0633,HWH,BLY,2026-01-14 02:52:23.612896450,2026-01-14 03:03:10.582300107,10.78,0.48
T0633,BLY,SRP,2026-01-14 03:03:40.582300107,2026-01-14 03:07:49.018111139,4.14,0.22
T0633,SRP,CGR,2026-01-14 03:08:19.018111139,2026-01-14 03:14:40.426099226,6.36,0.37
T0633,CGR,CNS,2026-01-14 03:15:10.426099226,2026-01-14 03:22:06.375604681,6.93,0.21
T0633,CNS,BDC,2026-01-14 03:22:36.375604681,2026-01-14 03:33:27.648628236,10.85,0.06
T0634,HWH,SRP,2026-01-14 00:07:44.397580575,2026-01-14 00:15:52.956550803,8.14,0.88
T0634,SRP,CGR,2026-01-14 00:16:22.956550803,2026-01-14 00:22:28.379699047,6.09,0.77
T0634,CGR,CNS,2026-01-14 00:22:58.379699047,2026-01-14 00:29:47.888525520,6.83,0.5
T0634,CNS,BDC,2026-01-14 00:30:17.888525520,2026-01-14 00:41:10.929136549,10.88,0.38
T0635,HWH,BLY,2026-01-14 02:53:35.530210650,2026-01-14 03:03:17.138786630,9.69,0.59
T0635,BLY,SRP,2026-01-14 03:03:47.138786630,2026-01-14 03:08:07.313010792,4.34,0.52
T0635,SRP,CGR,2026-01-14 03:08:37.313010792,2026-01-14 03:14:19.246874589,5.7,0.02
T0635,CGR,CNS,2026-01-14 03:14:49.246874589,2026-01-14 03:22:14.035578307,7.41,0.33
T0635,CNS,BDC,2026-01-14 03:22:44.035578307,2026-01-14 03:33:46.960865515,11.05,0.38
T0636,HWH,CGR,2026-01-14 00:07:24.425544681,2026-01-14 00:15:41.659730633,8.29,0.69
T0636,CGR,CNS,2026-01-14 00:16:11.659730633,2026-01-14 00:23:12.610421008,7.02,0.61
T0636,CNS,BDC,2026-01-14 00:23:42.610421008,2026-01-14 00:34:50.940065197,11.14,0.75
T0637,HWH,BLY,2026-01-14 02:53:09.488310181,2026-01-14 03:04:02.475379271,10.88,1.34
T0637,BLY,SRP,2026-01-14 03:04:32.475379271,2026-01-14 03:08:36.781667703,4.07,1.01
T0637,SRP,CGR,2026-01-14 03:09:06.781667703,2026-01-14 03:16:47.414338800,7.68,2.49
T0637,CGR,CNS,2026-01-14 03:17:17.414338800,2026-01-14 03:21:54.883240539,4.62,0.01
T0637,CNS,BDC,2026-01-14 03:22:24.883240539,2026-01-14 03:33:34.458235714,11.16,0.17
T0638,HWH,BDC,2026-01-14 00:07:00.364397689,2026-01-14 00:15:50.046380467,8.83,0.83
T0639,HWH,SRP,2026-01-14 01:53:49.587936483,2026-01-14 02:00:13.393408525,6.4,0.22
T0639,SRP,CGR,2026-01-14 02:00:43.393408525,2026-01-14 02:08:47.652919978,8.07,2.09
T0639,CGR,CNS,2026-01-14 02:09:17.652919978,2026-01-14 02:14:20.983675293,5.06,0.05
T0639,CNS,BDC,2026-01-14 02:14:50.983675293,2026-01-14 02:27:58.786988304,13.13,2.18
T0640,HWH,BLY,2026-01-14 00:07:20.797559006,2026-01-14 00:17:47.133142146,10.44,0.09
T0640,BLY,SRP,2026-01-14 00:18:17.133142146,2026-01-14 00:23:07.933562347,4.85,0.53
T0640,SRP,CGR,2026-01-14 00:23:37.933562347,2026-01-14 00:29:32.244411027,5.91,0.24
T0640,CGR,CNS,2026-01-14 00:30:02.244411027,2026-01-14 00:37:10.094159644,7.13,0.27
T0640,CNS,BDC,2026-01-14 00:37:40.094159644,2026-01-14 00:48:41.622901783,11.03,0.29
T0641,HWH,BLY,2026-01-14 02:48:17.984784958,2026-01-14 02:58:19.185942630,10.02,0.62
T0641,BLY,SRP,2026-01-14 02:58:49.185942630,2026-01-14 03:02:53.902113396,4.08,0.3
T0641,SRP,CGR,2026-01-14 03:03:23.902113396,2026-01-14 03:10:03.238308525,6.66,0.75
T0641,CGR,CNS,2026-01-14 03:10:33.238308525,2026-01-14 03:17:54.446962783,7.35,1.01
T0641,CNS,BDC,2026-01-14 03:18:24.446962783,2026-01-14 03:28:39.278963625,10.25,0.25
T0642,HWH,SRP,2026-01-14 00:07:25.615984030,2026-01-14 00:15:06.238990057,7.68,0.1
T0642,SRP,CGR,2026-01-14 00:15:36.238990057,2026-01-14 00:21:51.592971250,6.26,0.16
T0642,CGR,CNS,2026-01-14 00:22:21.592971250,2026-01-14 00:30:12.860817246,7.85,0.91
T0642,CNS,BDC,2026-01-14 00:30:42.860817246,2026-01-14 00:40:57.609914951,10.25,0.16
T0643,HWH,BLY,2026-01-14 02:52:35.749655987,2026-01-14 03:03:41.260367973,11.09,0.99
T0643,BLY,SRP,2026-01-14 03:04:11.260367973,2026-01-14 03:07:41.425482408,3.5,0.09
T0643,SRP,CGR,2026-01-14 03:08:11.425482408,2026-01-14 03:14:58.211465883,6.78,0.67
T0643,CGR,CNS,2026-01-14 03:15:28.211465883,2026-01-14 03:22:08.230606084,6.67,0.24
T0643,CNS,BDC,2026-01-14 03:22:38.230606084,2026-01-14 03:36:02.153422646,13.4,2.64
T0644,HWH,SRP,2026-01-14 00:07:31.716881823,2026-01-14 00:16:18.713218436,8.78,1.31
T0644,SRP,CGR,2026-01-14 00:16:48.713218436,2026-01-14 00:22:20.352539999,5.53,0.64
T0644,CGR,CNS,2026-01-14 00:22:50.352539999,2026-01-14 00:29:20.130386365,6.5,0.04
T0644,CNS,BDC,2026-01-14 00:29:50.130386365,2026-01-14 00:41:36.134687211,11.77,0.8
T0645,HWH,BLY,2026-01-14 02:54:25.161624965,2026-01-14 03:03:26.175764292,9.02,0.74
T0645,BLY,SRP,2026-01-14 03:03:56.175764292,2026-01-14 03:08:58.094506305,5.03,1.37
T0645,SRP,CGR,2026-01-14 03:09:28.094506305,2026-01-14 03:16:01.485433447,6.56,1.72
T0645,CGR,CNS,2026-01-14 03:16:31.485433447,2026-01-14 03:22:06.425955160,5.58,0.21
T0645,CNS,BDC,2026-01-14 03:22:36.425955160,2026-01-14 03:33:35.439076520,10.98,0.19
T0646,HWH,BLY,2026-01-14 00:07:45.318099106,2026-01-14 00:18:07.410116752,10.37,0.42
T0646,BLY,SRP,2026-01-14 00:18:37.410116752,2026-01-14 00:24:03.922319144,5.44,1.47
T0646,SRP,CGR,2026-01-14 00:24:33.922319144,2026-01-14 00:31:08.535184978,6.58,1.84
T0646,CGR,CNS,2026-01-14 00:31:38.535184978,2026-01-14 00:37:14.930902964,5.61,0.35
T0646,CNS,BDC,2026-01-14 00:37:44.930902964,2026-01-14 00:48:36.975725501,10.87,0.22
T0647,HWH,BLY,2026-01-14 02:53:12.792926198,2026-01-14 03:02:57.423173891,9.74,0.26
T0647,BLY,SRP,2026-01-14 03:03:27.423173891,2026-01-14 03:08:59.012588424,5.53,1.38
T0647,SRP,CGR,2026-01-14 03:09:29.012588424,2026-01-14 03:14:44.457278436,5.26,0.44
T0647,CGR,CNS,2026-01-14 03:15:14.457278436,2026-01-14 03:22:46.860744153,7.54,0.88
T0647,CNS,BDC,2026-01-14 03:23:16.860744153,2026-01-14 03:33:28.819776829,10.2,0.08
T0648,HWH,SRP,2026-01-14 00:07:46.934019315,2026-01-14 00:15:28.850694622,7.7,0.48
T0648,SRP,CGR,2026-01-14 00:15:58.850694622,2026-01-14 00:22:24.401284995,6.43,0.71
T0648,CGR,CNS,2026-01-14 00:22:54.401284995,2026-01-14 00:29:26.829115916,6.54,0.15
T0648,CNS,BDC,2026-01-14 00:29:56.829115916,2026-01-14 00:41:52.085822627,11.92,1.07
T0649,HWH,BLY,2026-01-14 02:53:35.342124634,2026-01-14 03:02:53.725935681,9.31,0.2
T0649,BLY,SRP,2026-01-14 03:03:23.725935681,2026-01-14 03:07:40.829290140,4.29,0.08
T0649,SRP,CGR,2026-01-14 03:08:10.829290140,2026-01-14 03:14:19.148278076,6.14,0.02
T0649,CGR,CNS,2026-01-14 03:14:49.148278076,2026-01-14 03:22:43.302849026,7.9,0.82
T0649,CNS,BDC,2026-01-14 03:23:13.302849026,2026-01-14 03:34:08.840878719,10.93,0.75
T0650,HWH,BLY,2026-01-14 00:07:37.977379842,2026-01-14 00:17:54.667039821,10.28,0.21
T0650,BLY,SRP,2026-01-14 00:18:24.667039821,2026-01-14 00:22:59.797567923,4.59,0.4
T0650,SRP,CGR,2026-01-14 00:23:29.797567923,2026-01-14 00:30:01.323650281,6.53,0.72
T0650,CGR,CNS,2026-01-14 00:30:31.323650281,2026-01-14 00:37:26.961682319,6.93,0.55
T0650,CNS,BDC,2026-01-14 00:37:56.961682319,2026-01-14 00:51:55.446391842,13.97,3.52
T0651,HWH,BLY,2026-01-14 00:07:07.041197405,2026-01-14 00:18:39.020042996,11.53,0.95
T0651,BLY,SRP,2026-01-14 00:19:09.020042996,2026-01-14 00:23:00.866380838,3.86,0.41
T0651,SRP,CGR,2026-01-14 00:23:30.866380838,2026-01-14 00:29:44.830335631,6.23,0.45
T0651,CGR,CNS,2026-01-14 00:30:14.830335631,2026-01-14 00:37:54.692297348,7.66,1.01
T0651,CNS,BDC,2026-01-14 00:38:24.692297348,2026-01-14 00:49:20.595483615,10.93,0.94
T0652,HWH,BLY,2026-01-14 00:10:47.490566777,2026-01-14 00:17:48.596069958,7.02,0.11
T0652,BLY,SRP,2026-01-14 00:18:18.596069958,2026-01-14 00:22:41.276988001,4.38,0.09
T0652,SRP,CGR,2026-01-14 00:23:11.276988001,2026-01-14 00:30:19.851972752,7.14,1.03
T0652,CGR,CNS,2026-01-14 00:30:49.851972752,2026-01-14 00:37:35.456028022,6.76,0.69
T0652,CNS,BDC,2026-01-14 00:38:05.456028022,2026-01-14 00:48:39.380476437,10.57,0.26
T0653,HWH,BLY,2026-01-14 03:27:03.972032992,2026-01-14 03:37:46.298441811,10.71,0.07
T0653,BLY,SRP,2026-01-14 03:38:16.298441811,2026-01-14 03:44:23.813688598,6.13,1.8
T0653,SRP,CGR,2026-01-14 03:44:53.813688598,2026-01-14 03:49:28.225393529,4.57,0.17
T0653,CGR,CNS,2026-01-14 03:49:58.225393529,2026-01-14 03:57:12.750383661,7.24,0.31
T0653,CNS,BDC,2026-01-14 03:57:42.750383661,2026-01-14 04:08:36.337527844,10.89,0.21
T0654,HWH,BLY,2026-01-14 00:07:21.047963270,2026-01-14 00:17:45.453665315,10.41,0.06
T0654,BLY,SRP,2026-01-14 00:18:15.453665315,2026-01-14 00:23:11.136591457,4.93,0.59
T0654,SRP,CGR,2026-01-14 00:23:41.136591457,2026-01-14 00:29:21.360328626,5.67,0.06
T0654,CGR,CNS,2026-01-14 00:29:51.360328626,2026-01-14 00:38:11.338658023,8.33,1.29
T0654,CNS,BDC,2026-01-14 00:38:41.338658023,2026-01-14 00:48:36.777470768,9.92,0.21
T0655,HWH,CGR,2026-01-14 02:27:37.274625175,2026-01-14 02:36:41.804295191,9.08,1.7
T0655,CGR,CNS,2026-01-14 02:37:11.804295191,2026-01-14 02:43:26.511937939,6.25,0.84
T0655,CNS,BDC,2026-01-14 02:43:56.511937939,2026-01-14 02:54:42.544110363,10.77,0.61
T0656,HWH,BDC,2026-01-14 00:07:18.818690039,2026-01-14 00:15:19.438468858,8.01,0.32
T0657,HWH,CGR,2026-01-14 02:37:53.141239227,2026-01-14 02:49:06.695840385,11.23,4.11
T0657,CGR,CNS,2026-01-14 02:49:36.695840385,2026-01-14 02:53:28.043218894,3.86,0.87
T0657,CNS,BDC,2026-01-14 02:53:58.043218894,2026-01-14 03:04:45.165864526,10.79,0.65
T0658,HWH,BLY,2026-01-14 00:08:02.963785161,2026-01-14 00:18:12.041900543,10.15,0.5
T0658,BLY,SRP,2026-01-14 00:18:42.041900543,2026-01-14 00:22:38.977288487,3.95,0.05
T0658,SRP,CGR,2026-01-14 00:23:08.977288487,2026-01-14 00:29:57.658284486,6.81,0.66
T0658,CGR,CNS,2026-01-14 00:30:27.658284486,2026-01-14 00:39:25.737764510,8.97,2.53
T0658,CNS,BDC,2026-01-14 00:39:55.737764510,2026-01-14 00:48:33.251479821,8.63,0.15
T0659,HWH,BLY,2026-01-14 03:42:56.217540406,2026-01-14 03:52:52.766944499,9.94,0.18
T0659,BLY,SRP,2026-01-14 03:53:22.766944499,2026-01-14 03:58:12.839972449,4.83,0.61
T0659,SRP,CGR,2026-01-14 03:58:42.839972449,2026-01-14 04:04:22.880375217,5.67,0.08
T0659,CGR,CNS,2026-01-14 04:04:52.880375217,2026-01-14 04:12:22.728559576,7.5,0.48
T0659,CNS,BDC,2026-01-14 04:12:52.728559576,2026-01-14 04:24:31.740319610,11.65,1.13
T0660,HWH,SRP,2026-01-14 00:07:20.498580551,2026-01-14 00:15:52.481341098,8.53,0.87
T0660,SRP,CGR,2026-01-14 00:16:22.481341098,2026-01-14 00:22:58.173246859,6.59,1.27
T0660,CGR,CNS,2026-01-14 00:23:28.173246859,2026-01-14 00:31:23.747265249,7.93,2.1
T0660,CNS,BDC,2026-01-14 00:31:53.747265249,2026-01-14 00:41:00.835761010,9.12,0.21
T0661,HWH,CGR,2026-01-14 02:32:24.464934379,2026-01-14 02:40:07.937536575,7.72,0.13
T0661,CGR,CNS,2026-01-14 02:40:37.937536575,2026-01-14 02:51:30.751438178,10.88,3.91
T0661,CNS,BDC,2026-01-14 02:52:00.751438178,2026-01-14 03:01:11.630836663,9.18,2.09
T0662,HWH,BLY,2026-01-14 00:07:37.268908742,2026-01-14 00:19:10.577807618,11.56,1.48
T0662,BLY,SRP,2026-01-14 00:19:40.577807618,2026-01-14 00:23:11.326413854,3.51,0.59
T0662,SRP,CGR,2026-01-14 00:23:41.326413854,2026-01-14 00:30:04.899112733,6.39,0.78
T0662,CGR,CNS,2026-01-14 00:30:34.899112733,2026-01-14 00:36:58.480751018,6.39,0.07
T0662,CNS,BDC,2026-01-14 00:37:28.480751018,2026-01-14 00:49:31.564868887,12.05,1.13
T0663,HWH,BLY,2026-01-14 03:42:06.558592090,2026-01-14 03:54:05.956259276,11.99,1.4
T0663,BLY,SRP,2026-01-14 03:54:35.956259276,2026-01-14 03:58:49.122675216,4.22,1.22
T0663,SRP,CGR,2026-01-14 03:59:19.122675216,2026-01-14 04:05:17.210643316,5.97,0.99
T0663,CGR,CNS,2026-01-14 04:05:47.210643316,2026-01-14 04:11:55.767857666,6.14,0.03
T0663,CNS,BDC,2026-01-14 04:12:25.767857666,2026-01-14 04:23:41.335393922,11.26,0.29
T0664,HWH,SRP,2026-01-14 00:07:14.655366680,2026-01-14 00:15:21.432012576,8.11,0.36
T0664,SRP,CGR,2026-01-14 00:15:51.432012576,2026-01-14 00:21:46.402734747,5.92,0.07
T0664,CGR,CNS,2026-01-14 00:22:16.402734747,2026-01-14 00:31:30.669662442,9.24,2.21
T0664,CNS,BDC,2026-01-14 00:32:00.669662442,2026-01-14 00:41:26.735664900,9.43,0.65
T0665,HWH,BDC,2026-01-14 02:32:17.500709853,2026-01-14 02:40:24.278756693,8.11,0.4
T0666,HWH,CGR,2026-01-14 00:07:28.452652907,2026-01-14 00:15:44.053328170,8.26,0.73
T0666,CGR,CNS,2026-01-14 00:16:14.053328170,2026-01-14 00:23:10.800396098,6.95,0.58
T0666,CNS,BDC,2026-01-14 00:23:40.800396098,2026-01-14 00:36:06.871538232,12.43,2.01
T0667,HWH,BLY,2026-01-14 03:42:32.980440620,2026-01-14 03:56:34.716636737,14.03,3.88
T0667,BLY,SRP,2026-01-14 03:57:04.716636737,2026-01-14 03:59:07.519925439,2.05,1.53
T0667,SRP,CGR,2026-01-14 03:59:37.519925439,2026-01-14 04:04:29.224256824,4.86,0.19
T0667,CGR,CNS,2026-01-14 04:04:59.224256824,2026-01-14 04:14:02.054374108,9.05,2.13
T0667,CNS,BDC,2026-01-14 04:14:32.054374108,2026-01-14 04:23:29.938213416,8.96,0.1
T0668,HWH,BLY,2026-01-14 00:08:21.635019552,2026-01-14 00:18:04.993997696,9.72,0.38
T0668,BLY,SRP,2026-01-14 00:18:34.993997696,2026-01-14 00:24:16.969140875,5.7,1.68
T0668,SRP,CGR,2026-01-14 00:24:46.969140875,2026-01-14 00:30:55.218380119,6.14,1.62
T0668,CGR,CNS,2026-01-14 00:31:25.218380119,2026-01-14 00:38:12.696607601,6.79,1.31
T0668,CNS,BDC,2026-01-14 00:38:42.696607601,2026-01-14 00:49:38.918049291,10.94,1.25
T0669,HWH,BLY,2026-01-14 03:22:17.442329740,2026-01-14 03:32:46.050303801,10.48,0.07
T0669,BLY,SRP,2026-01-14 03:33:16.050303801,2026-01-14 03:38:00.758638307,4.75,0.41
T0669,SRP,CGR,2026-01-14 03:38:30.758638307,2026-01-14 03:44:27.148081121,5.94,0.15
T0669,CGR,CNS,2026-01-14 03:44:57.148081121,2026-01-14 03:52:50.989591246,7.9,0.95
T0669,CNS,BDC,2026-01-14 03:53:20.989591246,2026-01-14 04:03:44.390420458,10.39,0.34
T0778,HWH,SRP,2026-01-14 00:07:35.071586015,2026-01-14 00:15:07.810453140,7.55,0.13
T0778,SRP,CGR,2026-01-14 00:15:37.810453140,2026-01-14 00:22:46.188092118,7.14,1.07
T0778,CGR,CNS,2026-01-14 00:23:16.188092118,2026-01-14 00:29:52.458947151,6.6,0.57
T0778,CNS,BDC,2026-01-14 00:30:22.458947151,2026-01-14 00:41:42.727024640,11.34,0.91
T0779,HWH,BLY,2026-01-14 03:02:02.043173731,2026-01-14 03:12:46.252988864,10.74,0.07
T0779,BLY,SRP,2026-01-14 03:13:16.252988864,2026-01-14 03:18:36.476178239,5.34,1.01
T0779,SRP,CGR,2026-01-14 03:19:06.476178239,2026-01-14 03:24:21.591092622,5.25,0.06
T0779,CGR,CNS,2026-01-14 03:24:51.591092622,2026-01-14 03:31:57.548300489,7.1,0.06
T0779,CNS,BDC,2026-01-14 03:32:27.548300489,2026-01-14 03:43:24.584754240,10.95,0.01
T0780,HWH,SRP,2026-01-14 00:09:30.481271338,2026-01-14 00:16:04.201730064,6.56,1.07
T0780,SRP,CGR,2026-01-14 00:16:34.201730064,2026-01-14 00:22:02.918286515,5.48,0.35
T0780,CGR,CNS,2026-01-14 00:22:32.918286515,2026-01-14 00:29:34.883423099,7.03,0.28
T0780,CNS,BDC,2026-01-14 00:30:04.883423099,2026-01-14 00:41:08.655669632,11.06,0.34
T0781,HWH,SRP,2026-01-14 08:58:11.525577587,2026-01-14 09:05:51.976752846,7.67,0.87
T0781,SRP,CGR,2026-01-14 09:06:21.976752846,2026-01-14 09:11:51.830743445,5.5,0.16
T0781,CGR,CNS,2026-01-14 09:12:21.830743445,2026-01-14 09:19:27.182058309,7.09,0.15
T0781,CNS,BDC,2026-01-14 09:19:57.182058309,2026-01-14 09:30:52.971815577,10.93,0.08
T0782,HWH,SRP,2026-01-14 00:07:51.825619681,2026-01-14 00:16:09.384182362,8.29,1.16
T0782,SRP,CGR,2026-01-14 00:16:39.384182362,2026-01-14 00:21:56.781501578,5.29,0.25
T0782,CGR,CNS,2026-01-14 00:22:26.781501578,2026-01-14 00:29:19.016036085,6.87,0.02
T0782,CNS,BDC,2026-01-14 00:29:49.016036085,2026-01-14 00:40:52.115755557,11.05,0.07
T0783,HWH,SRP,2026-01-14 06:09:45.007440136,2026-01-14 06:15:16.809051134,5.53,0.28
T0783,SRP,CGR,2026-01-14 06:15:46.809051134,2026-01-14 06:22:52.382594078,7.09,1.17
T0783,CGR,CNS,2026-01-14 06:23:22.382594078,2026-01-14 06:30:05.036760263,6.71,0.78
T0783,CNS,BDC,2026-01-14 06:30:35.036760263,2026-01-14 06:41:11.096119479,10.6,0.38
T0784,HWH,BDC,2026-01-14 00:07:11.053344909,2026-01-14 00:15:06.211684274,7.92,0.1
T0785,HWH,BDC,2026-01-14 01:42:45.818190167,2026-01-14 01:51:11.521370800,8.43,1.19
T0786,HWH,CGR,2026-01-14 00:07:49.562670411,2026-01-14 00:15:36.271950128,7.78,0.6
T0786,CGR,CNS,2026-01-14 00:16:06.271950128,2026-01-14 00:22:38.057116190,6.53,0.03
T0786,CNS,BDC,2026-01-14 00:23:08.057116190,2026-01-14 00:36:51.955753428,13.73,2.77
T0787,HWH,CGR,2026-01-14 01:58:16.945413544,2026-01-14 02:05:16.630700574,6.99,0.28
T0787,CGR,CNS,2026-01-14 02:05:46.630700574,2026-01-14 02:15:43.705947490,9.95,3.13
T0787,CNS,BDC,2026-01-14 02:16:13.705947490,2026-01-14 02:24:50.208278614,8.61,0.74
T0788,HWH,SRP,2026-01-14 00:07:41.917704098,2026-01-14 00:16:06.173598153,8.4,1.1
T0788,SRP,CGR,2026-01-14 00:16:36.173598153,2026-01-14 00:23:02.164297624,6.43,1.34
T0788,CGR,CNS,2026-01-14 00:23:32.164297624,2026-01-14 00:30:09.288282755,6.62,0.85
T0788,CNS,BDC,2026-01-14 00:30:39.288282755,2026-01-14 00:40:54.579631775,10.25,0.11
T0789,HWH,BLY,2026-01-14 04:12:19.818906831,2026-01-14 04:24:48.348072308,12.48,2.11
T0789,BLY,SRP,2026-01-14 04:25:18.348072308,2026-01-14 04:27:48.211026617,2.5,0.2
T0789,SRP,CGR,2026-01-14 04:28:18.211026617,2026-01-14 04:34:40.343093251,6.37,0.37
T0789,CGR,CNS,2026-01-14 04:35:10.343093251,2026-01-14 04:42:21.156922882,7.18,0.45
T0789,CNS,BDC,2026-01-14 04:42:51.156922882,2026-01-14 04:53:51.780313964,11.01,0.46
T0803,HWH,BDC,2026-01-14 00:08:07.520074599,2026-01-14 00:15:29.624913976,7.37,0.49
T0804,HWH,BLY,2026-01-14 02:53:28.567252179,2026-01-14 03:03:44.580422492,10.27,1.04
T0804,BLY,SRP,2026-01-14 03:04:14.580422492,2026-01-14 03:08:47.909220185,4.56,1.2
T0804,SRP,CGR,2026-01-14 03:09:17.909220185,2026-01-14 03:15:09.244041152,5.86,0.85
T0804,CGR,CNS,2026-01-14 03:15:39.244041152,2026-01-14 03:22:03.375369485,6.4,0.16
T0804,CNS,BDC,2026-01-14 03:22:33.375369485,2026-01-14 03:34:01.800817161,11.47,0.63
